{
  "layer_6": {
    "top_feature_indices": [
      15376,
      2327,
      2137,
      966,
      2393,
      3558,
      547,
      10272,
      10601,
      11817,
      9318,
      12290,
      4114,
      13810,
      15278,
      3232,
      4664,
      7065,
      9369,
      3978
    ],
    "top_feature_values": [
      0.27001953125,
      0.2060546875,
      0.192626953125,
      0.1920166015625,
      0.1849365234375,
      0.1844482421875,
      0.169921875,
      0.1431884765625,
      0.1395263671875,
      0.139404296875,
      0.138671875,
      0.1385498046875,
      0.13427734375,
      0.1341552734375,
      0.134033203125,
      0.1318359375,
      0.1309814453125,
      0.12188720703125,
      0.12176513671875,
      0.12176513671875
    ],
    "decoder_shape": [
      16384,
      2304
    ]
  },
  "layer_7": {
    "top_feature_indices": [
      10311,
      6742,
      2024,
      5820,
      7562,
      13185,
      15890,
      70,
      3480,
      10430,
      11344,
      3757,
      13258,
      12954,
      2348,
      15614,
      7207,
      641,
      15115,
      4366
    ],
    "top_feature_values": [
      0.1983642578125,
      0.192626953125,
      0.16748046875,
      0.1591796875,
      0.1590576171875,
      0.1561279296875,
      0.156005859375,
      0.156005859375,
      0.1422119140625,
      0.1395263671875,
      0.139404296875,
      0.139404296875,
      0.139404296875,
      0.138427734375,
      0.138427734375,
      0.135009765625,
      0.1348876953125,
      0.1348876953125,
      0.13427734375,
      0.13427734375
    ],
    "decoder_shape": [
      16384,
      2304
    ]
  },
  "layer_8": {
    "top_feature_indices": [
      2154,
      9441,
      13423,
      10898,
      1053,
      14747,
      13530,
      10985,
      5370,
      12958,
      264,
      12667,
      2054,
      5498,
      15244,
      7293,
      5132,
      4472,
      1365,
      7111
    ],
    "top_feature_values": [
      0.1676025390625,
      0.12176513671875,
      0.1181640625,
      0.1181640625,
      0.1181640625,
      0.1175537109375,
      0.11724853515625,
      0.11712646484375,
      0.1168212890625,
      0.11614990234375,
      0.1160888671875,
      0.11590576171875,
      0.11273193359375,
      0.11273193359375,
      0.11187744140625,
      0.11187744140625,
      0.11151123046875,
      0.1114501953125,
      0.103271484375,
      0.10308837890625
    ],
    "decoder_shape": [
      16384,
      2304
    ]
  },
  "layer_9": {
    "top_feature_indices": [
      9924,
      6930,
      13965,
      12640,
      9151,
      8555,
      1328,
      1649,
      9266,
      11560,
      12138,
      350,
      1960,
      4123,
      13385,
      6661,
      11433,
      11836,
      10086,
      2576
    ],
    "top_feature_values": [
      0.134033203125,
      0.11688232421875,
      0.11590576171875,
      0.11590576171875,
      0.11273193359375,
      0.11181640625,
      0.11163330078125,
      0.10333251953125,
      0.10333251953125,
      0.10333251953125,
      0.10302734375,
      0.102294921875,
      0.10223388671875,
      0.09906005859375,
      0.09906005859375,
      0.09881591796875,
      0.0980224609375,
      0.0977783203125,
      0.09759521484375,
      0.09722900390625
    ],
    "decoder_shape": [
      16384,
      2304
    ]
  },
  "layer_10": {
    "top_feature_indices": [
      4375,
      7547,
      10828,
      12733,
      3589,
      5559,
      13964,
      3660,
      14239,
      15734,
      14935,
      9383,
      5928,
      4753,
      6681,
      1763,
      100,
      13925,
      2045,
      1140
    ],
    "top_feature_values": [
      0.195556640625,
      0.1953125,
      0.1944580078125,
      0.167724609375,
      0.15283203125,
      0.152099609375,
      0.1431884765625,
      0.14306640625,
      0.1429443359375,
      0.1429443359375,
      0.1429443359375,
      0.1429443359375,
      0.1429443359375,
      0.14208984375,
      0.1395263671875,
      0.139404296875,
      0.138427734375,
      0.138427734375,
      0.1348876953125,
      0.134765625
    ],
    "decoder_shape": [
      16384,
      2304
    ]
  },
  "layer_11": {
    "top_feature_indices": [
      6266,
      5275,
      9199,
      10689,
      16090,
      11308,
      3042,
      15945,
      9545,
      14163,
      9695,
      8833,
      2274,
      1076,
      1624,
      12529,
      13274,
      3914,
      3925,
      1575
    ],
    "top_feature_values": [
      0.2236328125,
      0.1951904296875,
      0.19287109375,
      0.1920166015625,
      0.1844482421875,
      0.182373046875,
      0.181640625,
      0.1700439453125,
      0.169921875,
      0.16943359375,
      0.167724609375,
      0.1676025390625,
      0.1669921875,
      0.159912109375,
      0.1597900390625,
      0.1597900390625,
      0.1597900390625,
      0.1572265625,
      0.156494140625,
      0.156494140625
    ],
    "decoder_shape": [
      16384,
      2304
    ]
  },
  "layer_12": {
    "top_feature_indices": [
      7426,
      14070,
      11837,
      11933,
      9543,
      10560,
      14065,
      1404,
      6875,
      7424,
      1480,
      10907,
      14870,
      4792,
      4240,
      9326,
      14254,
      14142,
      1389,
      13710
    ],
    "top_feature_values": [
      0.2041015625,
      0.195068359375,
      0.195068359375,
      0.1927490234375,
      0.1922607421875,
      0.1920166015625,
      0.182373046875,
      0.181640625,
      0.16943359375,
      0.1693115234375,
      0.1693115234375,
      0.1676025390625,
      0.16748046875,
      0.1669921875,
      0.1669921875,
      0.159912109375,
      0.1597900390625,
      0.1597900390625,
      0.1597900390625,
      0.1597900390625
    ],
    "decoder_shape": [
      16384,
      2304
    ]
  },
  "metadata": {
    "layers_analyzed": [
      6,
      7,
      8,
      9,
      10,
      11,
      12
    ],
    "top_k": 20,
    "timestamp": "2025-02-28 10:20:29"
  }
}