{
  "layer_6": {
    "top_feature_indices": [
      15376,
      2327,
      2137,
      966,
      2393,
      3558,
      547,
      10272,
      10601,
      11817,
      9318,
      12290,
      4114,
      13810,
      15278,
      3232,
      4664,
      7065,
      9369,
      3978
    ],
    "top_feature_values": [
      0.256103515625,
      0.1944580078125,
      0.1810302734375,
      0.180419921875,
      0.17333984375,
      0.1728515625,
      0.16064453125,
      0.1339111328125,
      0.1302490234375,
      0.130126953125,
      0.12939453125,
      0.1292724609375,
      0.1273193359375,
      0.127197265625,
      0.1270751953125,
      0.12481689453125,
      0.1239013671875,
      0.11492919921875,
      0.11480712890625,
      0.11480712890625
    ]
  },
  "layer_7": {
    "top_feature_indices": [
      10311,
      6742,
      2024,
      5820,
      7562,
      13185,
      15890,
      70,
      3480,
      10430,
      11344,
      3757,
      13258,
      12954,
      2348,
      15614,
      7207,
      641,
      15115,
      4366
    ],
    "top_feature_values": [
      0.186767578125,
      0.1810302734375,
      0.158203125,
      0.14990234375,
      0.1497802734375,
      0.1468505859375,
      0.146728515625,
      0.146728515625,
      0.1329345703125,
      0.1302490234375,
      0.130126953125,
      0.130126953125,
      0.130126953125,
      0.129150390625,
      0.129150390625,
      0.1280517578125,
      0.1279296875,
      0.1279296875,
      0.1273193359375,
      0.1273193359375
    ]
  },
  "layer_8": {
    "top_feature_indices": [
      2154,
      9441,
      13423,
      10898,
      1053,
      14747,
      13530,
      10985,
      5370,
      12958,
      264,
      12667,
      2054,
      5498,
      15244,
      7293,
      5132,
      4472,
      1365,
      7111
    ],
    "top_feature_values": [
      0.1583251953125,
      0.11480712890625,
      0.1112060546875,
      0.1112060546875,
      0.1112060546875,
      0.110595703125,
      0.11029052734375,
      0.11016845703125,
      0.10986328125,
      0.10919189453125,
      0.109130859375,
      0.10894775390625,
      0.10577392578125,
      0.10577392578125,
      0.10491943359375,
      0.10491943359375,
      0.10455322265625,
      0.1044921875,
      0.09747314453125,
      0.0972900390625
    ]
  },
  "layer_9": {
    "top_feature_indices": [
      9924,
      6930,
      13965,
      12640,
      9151,
      8555,
      1328,
      1649,
      9266,
      11560,
      12138,
      350,
      1960,
      4123,
      13385,
      6661,
      11433,
      11836,
      10086,
      2576
    ],
    "top_feature_values": [
      0.1270751953125,
      0.10992431640625,
      0.10894775390625,
      0.10894775390625,
      0.10577392578125,
      0.1048583984375,
      0.10467529296875,
      0.0975341796875,
      0.0975341796875,
      0.0975341796875,
      0.09722900390625,
      0.09649658203125,
      0.096435546875,
      0.09326171875,
      0.09326171875,
      0.093017578125,
      0.09222412109375,
      0.09197998046875,
      0.091796875,
      0.0914306640625
    ]
  },
  "layer_10": {
    "top_feature_indices": [
      4375,
      7547,
      10828,
      12733,
      3589,
      5559,
      13964,
      3660,
      14239,
      15734,
      14935,
      9383,
      5928,
      4753,
      6681,
      1763,
      100,
      13925,
      2045,
      1140
    ],
    "top_feature_values": [
      0.1839599609375,
      0.1837158203125,
      0.182861328125,
      0.158447265625,
      0.1435546875,
      0.142822265625,
      0.1339111328125,
      0.1337890625,
      0.1336669921875,
      0.1336669921875,
      0.1336669921875,
      0.1336669921875,
      0.1336669921875,
      0.1328125,
      0.1302490234375,
      0.130126953125,
      0.129150390625,
      0.129150390625,
      0.1279296875,
      0.1278076171875
    ]
  },
  "layer_11": {
    "top_feature_indices": [
      6266,
      5275,
      9199,
      10689,
      16090,
      11308,
      3042,
      15945,
      9545,
      14163,
      9695,
      8833,
      2274,
      1076,
      1624,
      12529,
      13274,
      3914,
      3925,
      1575
    ],
    "top_feature_values": [
      0.209716796875,
      0.18359375,
      0.1812744140625,
      0.180419921875,
      0.1728515625,
      0.1707763671875,
      0.1700439453125,
      0.1607666015625,
      0.16064453125,
      0.16015625,
      0.158447265625,
      0.1583251953125,
      0.15771484375,
      0.150634765625,
      0.1505126953125,
      0.1505126953125,
      0.1505126953125,
      0.14794921875,
      0.147216796875,
      0.147216796875
    ]
  },
  "layer_12": {
    "top_feature_indices": [
      7426,
      14070,
      11837,
      11933,
      9543,
      10560,
      14065,
      1404,
      6875,
      7424,
      1480,
      10907,
      14870,
      4792,
      4240,
      9326,
      14254,
      14142,
      1389,
      13710
    ],
    "top_feature_values": [
      0.1925048828125,
      0.1834716796875,
      0.1834716796875,
      0.18115234375,
      0.1806640625,
      0.180419921875,
      0.1707763671875,
      0.1700439453125,
      0.16015625,
      0.1600341796875,
      0.1600341796875,
      0.1583251953125,
      0.158203125,
      0.15771484375,
      0.15771484375,
      0.150634765625,
      0.1505126953125,
      0.1505126953125,
      0.1505126953125,
      0.1505126953125
    ]
  },
  "metadata": {
    "num_examples_processed": 301,
    "layers_analyzed": [
      6,
      7,
      8,
      9,
      10,
      11,
      12
    ],
    "timestamp": "2025-02-28 10:20:27"
  }
}