{
  "layer_6": {
    "top_feature_indices": [
      15376,
      2327,
      2137,
      966,
      2393,
      3558,
      547,
      10272,
      10601,
      11817,
      9318,
      12290,
      4114,
      13810,
      15278,
      3232,
      4664,
      7065,
      9369,
      3978
    ],
    "top_feature_values": [
      0.205810546875,
      0.1578369140625,
      0.1444091796875,
      0.143798828125,
      0.13671875,
      0.13623046875,
      0.13134765625,
      0.10711669921875,
      0.10400390625,
      0.1038818359375,
      0.10321044921875,
      0.10308837890625,
      0.10205078125,
      0.10186767578125,
      0.101806640625,
      0.09918212890625,
      0.0982666015625,
      0.09295654296875,
      0.09283447265625,
      0.09283447265625
    ]
  },
  "layer_7": {
    "top_feature_indices": [
      10311,
      6742,
      2024,
      5820,
      7562,
      13185,
      15890,
      70,
      3480,
      10430,
      13258,
      3757,
      11344,
      12954,
      2348,
      15614,
      7207,
      641,
      15115,
      4366
    ],
    "top_feature_values": [
      0.150146484375,
      0.1444091796875,
      0.12890625,
      0.12060546875,
      0.1204833984375,
      0.11761474609375,
      0.11749267578125,
      0.117431640625,
      0.1063232421875,
      0.10400390625,
      0.1038818359375,
      0.10382080078125,
      0.10382080078125,
      0.10302734375,
      0.10296630859375,
      0.1029052734375,
      0.10272216796875,
      0.10272216796875,
      0.10205078125,
      0.10205078125
    ]
  },
  "layer_8": {
    "top_feature_indices": [
      2154,
      9441,
      13423,
      10898,
      1053,
      14747,
      13530,
      10985,
      5370,
      12958,
      264,
      12667,
      2054,
      5498,
      15244,
      7293,
      5132,
      4472,
      1365,
      7111
    ],
    "top_feature_values": [
      0.1290283203125,
      0.09283447265625,
      0.0892333984375,
      0.0892333984375,
      0.0892333984375,
      0.088623046875,
      0.08831787109375,
      0.08819580078125,
      0.087890625,
      0.08721923828125,
      0.087158203125,
      0.08697509765625,
      0.08380126953125,
      0.08380126953125,
      0.08294677734375,
      0.08294677734375,
      0.08258056640625,
      0.08251953125,
      0.07916259765625,
      0.0789794921875
    ]
  },
  "layer_9": {
    "top_feature_indices": [
      9924,
      6930,
      13965,
      12640,
      9151,
      8555,
      1328,
      1649,
      9266,
      11560,
      12138,
      350,
      1960,
      4123,
      13385,
      6661,
      11433,
      11836,
      10086,
      2576
    ],
    "top_feature_values": [
      0.101806640625,
      0.08795166015625,
      0.08697509765625,
      0.08697509765625,
      0.08380126953125,
      0.0828857421875,
      0.08270263671875,
      0.0792236328125,
      0.0792236328125,
      0.0792236328125,
      0.07891845703125,
      0.07818603515625,
      0.078125,
      0.074951171875,
      0.074951171875,
      0.07470703125,
      0.07391357421875,
      0.07366943359375,
      0.073486328125,
      0.0731201171875
    ]
  },
  "layer_10": {
    "top_feature_indices": [
      4375,
      7547,
      10828,
      12733,
      3589,
      5559,
      13964,
      3660,
      14239,
      15734,
      14935,
      9383,
      5928,
      4753,
      6681,
      1763,
      100,
      13925,
      2045,
      1140
    ],
    "top_feature_values": [
      0.1473388671875,
      0.1470947265625,
      0.146240234375,
      0.129150390625,
      0.11431884765625,
      0.11358642578125,
      0.10711669921875,
      0.1070556640625,
      0.10693359375,
      0.10693359375,
      0.10693359375,
      0.10693359375,
      0.10693359375,
      0.106201171875,
      0.10400390625,
      0.1038818359375,
      0.10302734375,
      0.10302734375,
      0.10272216796875,
      0.1026611328125
    ]
  },
  "layer_11": {
    "top_feature_indices": [
      6266,
      5275,
      9199,
      10689,
      16090,
      11308,
      3042,
      15945,
      9545,
      14163,
      9695,
      8833,
      2274,
      1076,
      1624,
      12529,
      13274,
      3914,
      14059,
      3925
    ],
    "top_feature_values": [
      0.165771484375,
      0.14697265625,
      0.1446533203125,
      0.143798828125,
      0.13623046875,
      0.1341552734375,
      0.1334228515625,
      0.1314697265625,
      0.13134765625,
      0.130859375,
      0.129150390625,
      0.1290283203125,
      0.12841796875,
      0.12127685546875,
      0.12115478515625,
      0.12115478515625,
      0.12115478515625,
      0.11865234375,
      0.117919921875,
      0.117919921875
    ]
  },
  "layer_12": {
    "top_feature_indices": [
      7426,
      14070,
      11837,
      11933,
      9543,
      10560,
      14065,
      1404,
      6875,
      7424,
      1480,
      10907,
      14870,
      4792,
      4240,
      9326,
      14254,
      14142,
      1389,
      13710
    ],
    "top_feature_values": [
      0.1558837890625,
      0.1468505859375,
      0.1468505859375,
      0.14453125,
      0.14404296875,
      0.143798828125,
      0.1341552734375,
      0.1334228515625,
      0.130859375,
      0.1307373046875,
      0.1307373046875,
      0.1290283203125,
      0.12890625,
      0.12841796875,
      0.12841796875,
      0.121337890625,
      0.12115478515625,
      0.12115478515625,
      0.12115478515625,
      0.12115478515625
    ]
  },
  "metadata": {
    "num_examples_processed": 241,
    "layers_analyzed": [
      6,
      7,
      8,
      9,
      10,
      11,
      12
    ],
    "timestamp": "2025-02-28 10:20:19"
  }
}