{
  "layer_6": {
    "top_feature_indices": [
      15376,
      2327,
      2137,
      966,
      2393,
      3558,
      547,
      10272,
      10601,
      11817,
      9318,
      12290,
      4114,
      13810,
      15278,
      3232,
      4664,
      7065,
      9369,
      3978
    ],
    "top_feature_values": [
      0.239990234375,
      0.1822509765625,
      0.1688232421875,
      0.168212890625,
      0.1611328125,
      0.16064453125,
      0.15087890625,
      0.12420654296875,
      0.12109375,
      0.1209716796875,
      0.12030029296875,
      0.12017822265625,
      0.119140625,
      0.11895751953125,
      0.118896484375,
      0.11627197265625,
      0.1153564453125,
      0.10760498046875,
      0.10748291015625,
      0.10748291015625
    ]
  },
  "layer_7": {
    "top_feature_indices": [
      10311,
      6742,
      2024,
      5820,
      7562,
      13185,
      15890,
      70,
      3480,
      10430,
      13258,
      3757,
      11344,
      12954,
      2348,
      15614,
      7207,
      641,
      15115,
      4366
    ],
    "top_feature_values": [
      0.174560546875,
      0.1688232421875,
      0.1484375,
      0.14013671875,
      0.1400146484375,
      0.1370849609375,
      0.136962890625,
      0.136962890625,
      0.1234130859375,
      0.12109375,
      0.1209716796875,
      0.12091064453125,
      0.12091064453125,
      0.1201171875,
      0.12005615234375,
      0.1199951171875,
      0.11981201171875,
      0.11981201171875,
      0.119140625,
      0.119140625
    ]
  },
  "layer_8": {
    "top_feature_indices": [
      2154,
      9441,
      13423,
      10898,
      1053,
      14747,
      13530,
      10985,
      5370,
      12958,
      264,
      12667,
      2054,
      5498,
      15244,
      7293,
      5132,
      4472,
      1365,
      7111
    ],
    "top_feature_values": [
      0.1485595703125,
      0.10748291015625,
      0.1038818359375,
      0.1038818359375,
      0.1038818359375,
      0.103271484375,
      0.10296630859375,
      0.10284423828125,
      0.1025390625,
      0.10186767578125,
      0.101806640625,
      0.10162353515625,
      0.09844970703125,
      0.09844970703125,
      0.09759521484375,
      0.09759521484375,
      0.09722900390625,
      0.09716796875,
      0.09136962890625,
      0.0911865234375
    ]
  },
  "layer_9": {
    "top_feature_indices": [
      9924,
      6930,
      13965,
      12640,
      9151,
      8555,
      1328,
      1649,
      9266,
      11560,
      12138,
      350,
      1960,
      4123,
      13385,
      6661,
      11433,
      11836,
      10086,
      2576
    ],
    "top_feature_values": [
      0.118896484375,
      0.10260009765625,
      0.10162353515625,
      0.10162353515625,
      0.09844970703125,
      0.0975341796875,
      0.09735107421875,
      0.0914306640625,
      0.0914306640625,
      0.0914306640625,
      0.09112548828125,
      0.09039306640625,
      0.09033203125,
      0.087158203125,
      0.087158203125,
      0.0869140625,
      0.08612060546875,
      0.08587646484375,
      0.085693359375,
      0.0853271484375
    ]
  },
  "layer_10": {
    "top_feature_indices": [
      4375,
      7547,
      10828,
      12733,
      3589,
      5559,
      13964,
      3660,
      14239,
      15734,
      14935,
      9383,
      5928,
      4753,
      6681,
      1763,
      100,
      13925,
      2045,
      1140
    ],
    "top_feature_values": [
      0.1717529296875,
      0.1715087890625,
      0.170654296875,
      0.148681640625,
      0.1337890625,
      0.133056640625,
      0.12420654296875,
      0.1241455078125,
      0.1240234375,
      0.1240234375,
      0.1240234375,
      0.1240234375,
      0.1240234375,
      0.123291015625,
      0.12109375,
      0.1209716796875,
      0.1201171875,
      0.1201171875,
      0.11981201171875,
      0.1197509765625
    ]
  },
  "layer_11": {
    "top_feature_indices": [
      6266,
      5275,
      9199,
      10689,
      16090,
      11308,
      3042,
      15945,
      9545,
      14163,
      9695,
      8833,
      2274,
      1076,
      1624,
      12529,
      13274,
      3914,
      3925,
      1575
    ],
    "top_feature_values": [
      0.195068359375,
      0.17138671875,
      0.1690673828125,
      0.168212890625,
      0.16064453125,
      0.1585693359375,
      0.1578369140625,
      0.1510009765625,
      0.15087890625,
      0.150390625,
      0.148681640625,
      0.1485595703125,
      0.14794921875,
      0.140869140625,
      0.1407470703125,
      0.1407470703125,
      0.1407470703125,
      0.13818359375,
      0.137451171875,
      0.137451171875
    ]
  },
  "layer_12": {
    "top_feature_indices": [
      7426,
      14070,
      11837,
      11933,
      9543,
      10560,
      14065,
      1404,
      6875,
      7424,
      1480,
      10907,
      14870,
      4792,
      4240,
      9326,
      14254,
      14142,
      1389,
      13710
    ],
    "top_feature_values": [
      0.1802978515625,
      0.1712646484375,
      0.1712646484375,
      0.1689453125,
      0.16845703125,
      0.168212890625,
      0.1585693359375,
      0.1578369140625,
      0.150390625,
      0.1502685546875,
      0.1502685546875,
      0.1485595703125,
      0.1484375,
      0.14794921875,
      0.14794921875,
      0.140869140625,
      0.1407470703125,
      0.1407470703125,
      0.1407470703125,
      0.1407470703125
    ]
  },
  "metadata": {
    "num_examples_processed": 281,
    "layers_analyzed": [
      6,
      7,
      8,
      9,
      10,
      11,
      12
    ],
    "timestamp": "2025-02-28 10:20:24"
  }
}