{
  "layer_6": {
    "top_feature_indices": [
      15376,
      2327,
      2137,
      966,
      2393,
      3558,
      547,
      10272,
      10601,
      11817,
      9318,
      12290,
      4114,
      13810,
      15278,
      3232,
      4664,
      7065,
      9369,
      3978
    ],
    "top_feature_values": [
      0.14599609375,
      0.11407470703125,
      0.10174560546875,
      0.10113525390625,
      0.0970458984375,
      0.09661865234375,
      0.09368896484375,
      0.07720947265625,
      0.0740966796875,
      0.073974609375,
      0.07330322265625,
      0.07318115234375,
      0.0721435546875,
      0.07196044921875,
      0.0718994140625,
      0.06927490234375,
      0.068359375,
      0.06732177734375,
      0.06719970703125,
      0.06719970703125
    ]
  },
  "layer_7": {
    "top_feature_indices": [
      10311,
      6742,
      2024,
      5820,
      7562,
      13185,
      15890,
      70,
      3480,
      10430,
      13258,
      3757,
      11344,
      12954,
      2348,
      15614,
      7207,
      641,
      15115,
      4366
    ],
    "top_feature_values": [
      0.107421875,
      0.10174560546875,
      0.0909423828125,
      0.08642578125,
      0.0863037109375,
      0.08343505859375,
      0.08331298828125,
      0.083251953125,
      0.076416015625,
      0.0740966796875,
      0.073974609375,
      0.07391357421875,
      0.07391357421875,
      0.0731201171875,
      0.07305908203125,
      0.072998046875,
      0.07281494140625,
      0.07281494140625,
      0.0721435546875,
      0.0721435546875
    ]
  },
  "layer_8": {
    "top_feature_indices": [
      2154,
      9441,
      13423,
      10898,
      1053,
      14747,
      13530,
      10985,
      5370,
      12958,
      264,
      12667,
      2054,
      5498,
      15244,
      7293,
      5132,
      4472,
      1365,
      7111
    ],
    "top_feature_values": [
      0.09112548828125,
      0.06719970703125,
      0.0635986328125,
      0.0635986328125,
      0.0635986328125,
      0.06298828125,
      0.06268310546875,
      0.06256103515625,
      0.062286376953125,
      0.06158447265625,
      0.0615234375,
      0.061370849609375,
      0.058502197265625,
      0.058502197265625,
      0.0577392578125,
      0.0577392578125,
      0.05743408203125,
      0.057403564453125,
      0.05731201171875,
      0.05712890625
    ]
  },
  "layer_9": {
    "top_feature_indices": [
      9924,
      6930,
      12640,
      13965,
      9151,
      8555,
      1328,
      1649,
      9266,
      11560,
      12138,
      350,
      1960,
      4123,
      13385,
      6661,
      11433,
      11836,
      10086,
      2576
    ],
    "top_feature_values": [
      0.0718994140625,
      0.062347412109375,
      0.061370849609375,
      0.06134033203125,
      0.058502197265625,
      0.05767822265625,
      0.0574951171875,
      0.057373046875,
      0.057373046875,
      0.057373046875,
      0.057037353515625,
      0.0562744140625,
      0.05621337890625,
      0.0535888671875,
      0.0535888671875,
      0.0533447265625,
      0.05255126953125,
      0.052276611328125,
      0.052154541015625,
      0.051788330078125
    ]
  },
  "layer_10": {
    "top_feature_indices": [
      4375,
      7547,
      10828,
      12733,
      3589,
      5559,
      13964,
      3660,
      14239,
      15734,
      14935,
      9383,
      5928,
      4753,
      6681,
      1763,
      100,
      13925,
      2045,
      1140
    ],
    "top_feature_values": [
      0.1046142578125,
      0.1043701171875,
      0.10357666015625,
      0.0911865234375,
      0.08013916015625,
      0.07940673828125,
      0.07720947265625,
      0.0771484375,
      0.0770263671875,
      0.0770263671875,
      0.0770263671875,
      0.0770263671875,
      0.0770263671875,
      0.0762939453125,
      0.0740966796875,
      0.073974609375,
      0.0731201171875,
      0.0731201171875,
      0.07281494140625,
      0.07275390625
    ]
  },
  "layer_11": {
    "top_feature_indices": [
      6266,
      5275,
      9199,
      10689,
      16090,
      11308,
      3042,
      15945,
      9545,
      14163,
      9695,
      8833,
      2274,
      1076,
      1624,
      12529,
      13274,
      3914,
      14059,
      3925
    ],
    "top_feature_values": [
      0.1153564453125,
      0.10430908203125,
      0.1019287109375,
      0.10113525390625,
      0.09661865234375,
      0.09478759765625,
      0.0941162109375,
      0.0938720703125,
      0.09375,
      0.09307861328125,
      0.0911865234375,
      0.09112548828125,
      0.0904541015625,
      0.08709716796875,
      0.08697509765625,
      0.08697509765625,
      0.08697509765625,
      0.08447265625,
      0.083740234375,
      0.083740234375
    ]
  },
  "layer_12": {
    "top_feature_indices": [
      7426,
      14070,
      11837,
      11933,
      9543,
      10560,
      14065,
      1404,
      6875,
      7424,
      1480,
      10907,
      14870,
      4240,
      4792,
      9326,
      14254,
      14142,
      1389,
      13710
    ],
    "top_feature_values": [
      0.11199951171875,
      0.10418701171875,
      0.10418701171875,
      0.10186767578125,
      0.101318359375,
      0.10113525390625,
      0.09478759765625,
      0.09417724609375,
      0.09320068359375,
      0.093017578125,
      0.093017578125,
      0.09112548828125,
      0.0909423828125,
      0.0904541015625,
      0.09033203125,
      0.087158203125,
      0.08697509765625,
      0.08697509765625,
      0.08697509765625,
      0.08697509765625
    ]
  },
  "metadata": {
    "num_examples_processed": 171,
    "layers_analyzed": [
      6,
      7,
      8,
      9,
      10,
      11,
      12
    ],
    "timestamp": "2025-02-28 10:20:09"
  }
}