{
  "layer_6": {
    "top_feature_indices": [
      15376,
      2327,
      2137,
      966,
      2393,
      3558,
      547,
      10272,
      10601,
      11817,
      9318,
      12290,
      4114,
      13810,
      15278,
      3232,
      4664,
      7065,
      9369,
      3978
    ],
    "top_feature_values": [
      0.171630859375,
      0.1334228515625,
      0.12005615234375,
      0.11944580078125,
      0.113525390625,
      0.11309814453125,
      0.11016845703125,
      0.09002685546875,
      0.0869140625,
      0.0867919921875,
      0.08612060546875,
      0.08599853515625,
      0.0849609375,
      0.08477783203125,
      0.084716796875,
      0.08209228515625,
      0.0811767578125,
      0.07830810546875,
      0.07818603515625,
      0.07818603515625
    ]
  },
  "layer_7": {
    "top_feature_indices": [
      10311,
      6742,
      2024,
      5820,
      7562,
      13185,
      15890,
      70,
      3480,
      10430,
      13258,
      3757,
      11344,
      12954,
      2348,
      15614,
      7207,
      641,
      15115,
      4366
    ],
    "top_feature_values": [
      0.125732421875,
      0.12005615234375,
      0.107421875,
      0.10107421875,
      0.1009521484375,
      0.09808349609375,
      0.09796142578125,
      0.097900390625,
      0.0892333984375,
      0.0869140625,
      0.0867919921875,
      0.08673095703125,
      0.08673095703125,
      0.0859375,
      0.08587646484375,
      0.0858154296875,
      0.08563232421875,
      0.08563232421875,
      0.0849609375,
      0.0849609375
    ]
  },
  "layer_8": {
    "top_feature_indices": [
      2154,
      9441,
      13423,
      10898,
      1053,
      14747,
      13530,
      10985,
      5370,
      12958,
      264,
      12667,
      2054,
      5498,
      15244,
      7293,
      5132,
      4472,
      1365,
      7111
    ],
    "top_feature_values": [
      0.10760498046875,
      0.07818603515625,
      0.0745849609375,
      0.0745849609375,
      0.0745849609375,
      0.073974609375,
      0.07366943359375,
      0.07354736328125,
      0.0732421875,
      0.07257080078125,
      0.072509765625,
      0.07232666015625,
      0.06915283203125,
      0.06915283203125,
      0.06829833984375,
      0.06829833984375,
      0.06793212890625,
      0.06787109375,
      0.06695556640625,
      0.0667724609375
    ]
  },
  "layer_9": {
    "top_feature_indices": [
      9924,
      6930,
      13965,
      12640,
      9151,
      8555,
      1328,
      1649,
      9266,
      11560,
      12138,
      350,
      1960,
      4123,
      13385,
      6661,
      11433,
      11836,
      10086,
      2576
    ],
    "top_feature_values": [
      0.084716796875,
      0.07330322265625,
      0.07232666015625,
      0.07232666015625,
      0.06915283203125,
      0.0682373046875,
      0.06805419921875,
      0.0670166015625,
      0.0670166015625,
      0.0670166015625,
      0.06671142578125,
      0.06597900390625,
      0.06591796875,
      0.062744140625,
      0.062744140625,
      0.0625,
      0.06170654296875,
      0.061431884765625,
      0.061309814453125,
      0.060943603515625
    ]
  },
  "layer_10": {
    "top_feature_indices": [
      4375,
      7547,
      10828,
      12733,
      3589,
      5559,
      13964,
      3660,
      14239,
      15734,
      14935,
      9383,
      5928,
      4753,
      6681,
      1763,
      100,
      13925,
      2045,
      1140
    ],
    "top_feature_values": [
      0.1229248046875,
      0.1226806640625,
      0.12188720703125,
      0.107666015625,
      0.09478759765625,
      0.09405517578125,
      0.09002685546875,
      0.0899658203125,
      0.08984375,
      0.08984375,
      0.08984375,
      0.08984375,
      0.08984375,
      0.089111328125,
      0.0869140625,
      0.0867919921875,
      0.0859375,
      0.0859375,
      0.08563232421875,
      0.0855712890625
    ]
  },
  "layer_11": {
    "top_feature_indices": [
      6266,
      5275,
      9199,
      10689,
      16090,
      11308,
      3042,
      15945,
      9545,
      14163,
      9695,
      8833,
      2274,
      1076,
      1624,
      12529,
      13274,
      3914,
      14059,
      3925
    ],
    "top_feature_values": [
      0.136474609375,
      0.12261962890625,
      0.1202392578125,
      0.11944580078125,
      0.11309814453125,
      0.11126708984375,
      0.110595703125,
      0.1103515625,
      0.1102294921875,
      0.10955810546875,
      0.107666015625,
      0.10760498046875,
      0.10693359375,
      0.10174560546875,
      0.10162353515625,
      0.10162353515625,
      0.10162353515625,
      0.09912109375,
      0.098388671875,
      0.098388671875
    ]
  },
  "layer_12": {
    "top_feature_indices": [
      7426,
      14070,
      11837,
      11933,
      9543,
      10560,
      14065,
      1404,
      6875,
      7424,
      1480,
      10907,
      14870,
      4240,
      4792,
      9326,
      14254,
      14142,
      1389,
      13710
    ],
    "top_feature_values": [
      0.1314697265625,
      0.12249755859375,
      0.12249755859375,
      0.12017822265625,
      0.11962890625,
      0.11944580078125,
      0.11126708984375,
      0.11065673828125,
      0.10968017578125,
      0.1094970703125,
      0.1094970703125,
      0.10760498046875,
      0.107421875,
      0.10693359375,
      0.1068115234375,
      0.101806640625,
      0.10162353515625,
      0.10162353515625,
      0.10162353515625,
      0.10162353515625
    ]
  },
  "metadata": {
    "num_examples_processed": 201,
    "layers_analyzed": [
      6,
      7,
      8,
      9,
      10,
      11,
      12
    ],
    "timestamp": "2025-02-28 10:20:13"
  }
}