{
  "layer_6": {
    "top_feature_indices": [
      15376,
      2327,
      2137,
      966,
      2393,
      3558,
      547,
      10272,
      10601,
      11817,
      9318,
      12290,
      4114,
      13810,
      15278,
      3232,
      4664,
      7065,
      9369,
      3978
    ],
    "top_feature_values": [
      0.043548583984375,
      0.03350830078125,
      0.0301513671875,
      0.0295867919921875,
      0.02935791015625,
      0.02899169921875,
      0.027801513671875,
      0.0233306884765625,
      0.0225067138671875,
      0.0223541259765625,
      0.02203369140625,
      0.0218658447265625,
      0.021240234375,
      0.0210723876953125,
      0.021026611328125,
      0.020782470703125,
      0.0203094482421875,
      0.0201568603515625,
      0.0200042724609375,
      0.0200042724609375
    ]
  },
  "layer_7": {
    "top_feature_indices": [
      10311,
      6742,
      2024,
      5820,
      7562,
      13185,
      15890,
      70,
      3480,
      10430,
      13258,
      3757,
      11344,
      12954,
      2348,
      15614,
      641,
      7207,
      15552,
      4366
    ],
    "top_feature_values": [
      0.032684326171875,
      0.0301666259765625,
      0.0270233154296875,
      0.0258636474609375,
      0.02569580078125,
      0.0248870849609375,
      0.02471923828125,
      0.0247039794921875,
      0.0227813720703125,
      0.0225067138671875,
      0.0223541259765625,
      0.022308349609375,
      0.022308349609375,
      0.0218048095703125,
      0.02178955078125,
      0.021728515625,
      0.021575927734375,
      0.0215606689453125,
      0.0212860107421875,
      0.021240234375
    ]
  },
  "layer_8": {
    "top_feature_indices": [
      2154,
      9441,
      1053,
      13423,
      10898,
      14747,
      13530,
      10985,
      5370,
      12958,
      264,
      12667,
      5498,
      2054,
      15244,
      7293,
      5132,
      4472,
      1365,
      7111
    ],
    "top_feature_values": [
      0.0271759033203125,
      0.019989013671875,
      0.0191650390625,
      0.0191497802734375,
      0.0191497802734375,
      0.019012451171875,
      0.01873779296875,
      0.0186614990234375,
      0.0183563232421875,
      0.018218994140625,
      0.0181427001953125,
      0.0179901123046875,
      0.01763916015625,
      0.0176239013671875,
      0.0174560546875,
      0.0174407958984375,
      0.0171356201171875,
      0.017120361328125,
      0.01702880859375,
      0.016845703125
    ]
  },
  "layer_9": {
    "top_feature_indices": [
      9924,
      6930,
      12640,
      13965,
      9151,
      8555,
      1328,
      11560,
      9266,
      1649,
      12138,
      350,
      1960,
      4123,
      13385,
      6661,
      11433,
      11836,
      10086,
      2576
    ],
    "top_feature_values": [
      0.021026611328125,
      0.0184173583984375,
      0.0179901123046875,
      0.017974853515625,
      0.0176239013671875,
      0.01739501953125,
      0.0171966552734375,
      0.0171051025390625,
      0.01708984375,
      0.01708984375,
      0.0167694091796875,
      0.0166778564453125,
      0.0166168212890625,
      0.016265869140625,
      0.0162506103515625,
      0.0159912109375,
      0.01593017578125,
      0.0156402587890625,
      0.01554107666015625,
      0.01519775390625
    ]
  },
  "layer_10": {
    "top_feature_indices": [
      4375,
      7547,
      10828,
      12733,
      3589,
      5559,
      13964,
      3660,
      15734,
      9383,
      5928,
      14935,
      14239,
      4753,
      6681,
      1763,
      100,
      13925,
      2045,
      10004
    ],
    "top_feature_values": [
      0.031341552734375,
      0.0311279296875,
      0.0303497314453125,
      0.0272216796875,
      0.0238800048828125,
      0.023406982421875,
      0.0233306884765625,
      0.023284912109375,
      0.0231475830078125,
      0.0231475830078125,
      0.0231475830078125,
      0.023101806640625,
      0.023101806640625,
      0.0226287841796875,
      0.0225067138671875,
      0.0223541259765625,
      0.0218048095703125,
      0.0218048095703125,
      0.021575927734375,
      0.0215301513671875
    ]
  },
  "layer_11": {
    "top_feature_indices": [
      6266,
      5275,
      9199,
      10689,
      16090,
      11308,
      3042,
      15945,
      9545,
      14163,
      9695,
      8833,
      2274,
      1076,
      1624,
      12529,
      13274,
      3914,
      14059,
      3925
    ],
    "top_feature_values": [
      0.034759521484375,
      0.0311126708984375,
      0.03033447265625,
      0.0295867919921875,
      0.02899169921875,
      0.028778076171875,
      0.0281829833984375,
      0.0279693603515625,
      0.0278472900390625,
      0.0272979736328125,
      0.0272216796875,
      0.0271759033203125,
      0.02667236328125,
      0.026397705078125,
      0.026275634765625,
      0.026275634765625,
      0.0262451171875,
      0.025665283203125,
      0.0251312255859375,
      0.0251312255859375
    ]
  },
  "layer_12": {
    "top_feature_indices": [
      7426,
      14070,
      11837,
      11933,
      9543,
      10560,
      14065,
      1404,
      6875,
      7424,
      1480,
      10907,
      14870,
      4240,
      4792,
      9326,
      14254,
      14142,
      1389,
      13710
    ],
    "top_feature_values": [
      0.0328369140625,
      0.030975341796875,
      0.03094482421875,
      0.030303955078125,
      0.0297698974609375,
      0.0295867919921875,
      0.028778076171875,
      0.028228759765625,
      0.02740478515625,
      0.027252197265625,
      0.0272369384765625,
      0.0271759033203125,
      0.0270233154296875,
      0.02667236328125,
      0.0265045166015625,
      0.0264434814453125,
      0.026275634765625,
      0.026275634765625,
      0.026275634765625,
      0.026275634765625
    ]
  },
  "metadata": {
    "num_examples_processed": 51,
    "layers_analyzed": [
      6,
      7,
      8,
      9,
      10,
      11,
      12
    ],
    "timestamp": "2025-02-28 10:19:52"
  }
}