{
  "layer_6": {
    "top_feature_indices": [
      15376,
      2327,
      2137,
      966,
      2393,
      3558,
      547,
      10272,
      10601,
      11817,
      9318,
      12290,
      4114,
      13810,
      15278,
      3232,
      4664,
      7065,
      9369,
      3978
    ],
    "top_feature_values": [
      0.197265625,
      0.1517333984375,
      0.1383056640625,
      0.1376953125,
      0.130615234375,
      0.130126953125,
      0.12646484375,
      0.10284423828125,
      0.0997314453125,
      0.099609375,
      0.09893798828125,
      0.09881591796875,
      0.0977783203125,
      0.09759521484375,
      0.0975341796875,
      0.09490966796875,
      0.093994140625,
      0.08929443359375,
      0.08917236328125,
      0.08917236328125
    ]
  },
  "layer_7": {
    "top_feature_indices": [
      10311,
      6742,
      2024,
      5820,
      7562,
      13185,
      15890,
      70,
      3480,
      10430,
      13258,
      3757,
      11344,
      12954,
      2348,
      15614,
      7207,
      641,
      15115,
      4366
    ],
    "top_feature_values": [
      0.14404296875,
      0.1383056640625,
      0.1239013671875,
      0.11572265625,
      0.1156005859375,
      0.11273193359375,
      0.11260986328125,
      0.112548828125,
      0.10205078125,
      0.0997314453125,
      0.099609375,
      0.09954833984375,
      0.09954833984375,
      0.0987548828125,
      0.09869384765625,
      0.0986328125,
      0.09844970703125,
      0.09844970703125,
      0.0977783203125,
      0.0977783203125
    ]
  },
  "layer_8": {
    "top_feature_indices": [
      2154,
      9441,
      13423,
      10898,
      1053,
      14747,
      13530,
      10985,
      5370,
      12958,
      264,
      12667,
      2054,
      5498,
      15244,
      7293,
      5132,
      4472,
      1365,
      7111
    ],
    "top_feature_values": [
      0.12408447265625,
      0.08917236328125,
      0.0855712890625,
      0.0855712890625,
      0.0855712890625,
      0.0849609375,
      0.08465576171875,
      0.08453369140625,
      0.084228515625,
      0.08355712890625,
      0.08349609375,
      0.08331298828125,
      0.08013916015625,
      0.08013916015625,
      0.07928466796875,
      0.07928466796875,
      0.07891845703125,
      0.078857421875,
      0.07611083984375,
      0.075927734375
    ]
  },
  "layer_9": {
    "top_feature_indices": [
      9924,
      6930,
      13965,
      12640,
      9151,
      8555,
      1328,
      1649,
      9266,
      11560,
      12138,
      350,
      1960,
      4123,
      13385,
      6661,
      11433,
      11836,
      10086,
      2576
    ],
    "top_feature_values": [
      0.0975341796875,
      0.08428955078125,
      0.08331298828125,
      0.08331298828125,
      0.08013916015625,
      0.0792236328125,
      0.07904052734375,
      0.076171875,
      0.076171875,
      0.076171875,
      0.07586669921875,
      0.07513427734375,
      0.0750732421875,
      0.0718994140625,
      0.0718994140625,
      0.0716552734375,
      0.07086181640625,
      0.07061767578125,
      0.0704345703125,
      0.070068359375
    ]
  },
  "layer_10": {
    "top_feature_indices": [
      4375,
      7547,
      10828,
      12733,
      3589,
      5559,
      13964,
      3660,
      14239,
      15734,
      14935,
      9383,
      5928,
      4753,
      6681,
      1763,
      100,
      13925,
      2045,
      1140
    ],
    "top_feature_values": [
      0.1412353515625,
      0.1409912109375,
      0.14013671875,
      0.1241455078125,
      0.10943603515625,
      0.10870361328125,
      0.10284423828125,
      0.102783203125,
      0.1026611328125,
      0.1026611328125,
      0.1026611328125,
      0.1026611328125,
      0.1026611328125,
      0.1019287109375,
      0.0997314453125,
      0.099609375,
      0.0987548828125,
      0.0987548828125,
      0.09844970703125,
      0.098388671875
    ]
  },
  "layer_11": {
    "top_feature_indices": [
      6266,
      5275,
      9199,
      10689,
      16090,
      11308,
      3042,
      15945,
      9545,
      14163,
      9695,
      8833,
      2274,
      1076,
      1624,
      12529,
      13274,
      3914,
      14059,
      3925
    ],
    "top_feature_values": [
      0.158447265625,
      0.140869140625,
      0.1385498046875,
      0.1376953125,
      0.130126953125,
      0.1280517578125,
      0.1273193359375,
      0.1265869140625,
      0.12646484375,
      0.1259765625,
      0.1241455078125,
      0.12408447265625,
      0.1234130859375,
      0.11639404296875,
      0.11627197265625,
      0.11627197265625,
      0.11627197265625,
      0.11376953125,
      0.113037109375,
      0.113037109375
    ]
  },
  "layer_12": {
    "top_feature_indices": [
      7426,
      14070,
      11837,
      11933,
      9543,
      10560,
      14065,
      1404,
      6875,
      7424,
      1480,
      10907,
      14870,
      4240,
      4792,
      9326,
      14254,
      14142,
      1389,
      13710
    ],
    "top_feature_values": [
      0.1497802734375,
      0.1407470703125,
      0.1407470703125,
      0.138427734375,
      0.137939453125,
      0.1376953125,
      0.1280517578125,
      0.1273193359375,
      0.1259765625,
      0.1258544921875,
      0.1258544921875,
      0.12408447265625,
      0.1239013671875,
      0.1234130859375,
      0.123291015625,
      0.116455078125,
      0.11627197265625,
      0.11627197265625,
      0.11627197265625,
      0.11627197265625
    ]
  },
  "metadata": {
    "num_examples_processed": 231,
    "layers_analyzed": [
      6,
      7,
      8,
      9,
      10,
      11,
      12
    ],
    "timestamp": "2025-02-28 10:20:17"
  }
}