{
  "layer_6": {
    "top_feature_indices": [
      15376,
      2327,
      2137,
      966,
      2393,
      3558,
      547,
      10272,
      10601,
      11817,
      9318,
      12290,
      4114,
      13810,
      15278,
      3232,
      4664,
      7065,
      9369,
      3978
    ],
    "top_feature_values": [
      0.060638427734375,
      0.04693603515625,
      0.041778564453125,
      0.04119873046875,
      0.04095458984375,
      0.04052734375,
      0.038787841796875,
      0.032470703125,
      0.031341552734375,
      0.0312042236328125,
      0.03057861328125,
      0.0304107666015625,
      0.02947998046875,
      0.0293121337890625,
      0.029266357421875,
      0.029022216796875,
      0.0282440185546875,
      0.0280914306640625,
      0.0279388427734375,
      0.0279388427734375
    ]
  },
  "layer_7": {
    "top_feature_indices": [
      10311,
      6742,
      2024,
      5820,
      7562,
      13185,
      15890,
      70,
      3480,
      10430,
      13258,
      3757,
      11344,
      12954,
      2348,
      15614,
      641,
      7207,
      15552,
      4366
    ],
    "top_feature_values": [
      0.045501708984375,
      0.041778564453125,
      0.037506103515625,
      0.03607177734375,
      0.035888671875,
      0.034637451171875,
      0.03448486328125,
      0.034454345703125,
      0.031646728515625,
      0.031341552734375,
      0.0312042236328125,
      0.031158447265625,
      0.031158447265625,
      0.0303497314453125,
      0.03033447265625,
      0.0302734375,
      0.030120849609375,
      0.0301055908203125,
      0.0295257568359375,
      0.02947998046875
    ]
  },
  "layer_8": {
    "top_feature_indices": [
      2154,
      9441,
      1053,
      13423,
      10898,
      14747,
      13530,
      10985,
      5370,
      12958,
      264,
      12667,
      5498,
      2054,
      15244,
      7293,
      5132,
      4472,
      1365,
      7111
    ],
    "top_feature_values": [
      0.03765869140625,
      0.027923583984375,
      0.02679443359375,
      0.0267791748046875,
      0.0267791748046875,
      0.026336669921875,
      0.02606201171875,
      0.0259857177734375,
      0.0256805419921875,
      0.025238037109375,
      0.0251617431640625,
      0.0250091552734375,
      0.024658203125,
      0.0246429443359375,
      0.024169921875,
      0.0241546630859375,
      0.0238494873046875,
      0.023834228515625,
      0.02374267578125,
      0.0235595703125
    ]
  },
  "layer_9": {
    "top_feature_indices": [
      9924,
      6930,
      12640,
      13965,
      9151,
      8555,
      1328,
      11560,
      9266,
      1649,
      12138,
      350,
      1960,
      4123,
      13385,
      6661,
      11433,
      11836,
      10086,
      2576
    ],
    "top_feature_values": [
      0.029266357421875,
      0.0257415771484375,
      0.0250091552734375,
      0.024993896484375,
      0.0246429443359375,
      0.02410888671875,
      0.0239105224609375,
      0.0238189697265625,
      0.0238037109375,
      0.0238037109375,
      0.0234832763671875,
      0.0230865478515625,
      0.0230255126953125,
      0.022674560546875,
      0.0226593017578125,
      0.02239990234375,
      0.02203369140625,
      0.0217437744140625,
      0.021636962890625,
      0.0212860107421875
    ]
  },
  "layer_10": {
    "top_feature_indices": [
      4375,
      7547,
      10828,
      12733,
      3589,
      5559,
      13964,
      3660,
      15734,
      9383,
      5928,
      14935,
      14239,
      4753,
      6681,
      1763,
      100,
      13925,
      2045,
      10004
    ],
    "top_feature_values": [
      0.043548583984375,
      0.0433349609375,
      0.04254150390625,
      0.0377197265625,
      0.03326416015625,
      0.032562255859375,
      0.032470703125,
      0.032440185546875,
      0.03228759765625,
      0.03228759765625,
      0.03228759765625,
      0.032257080078125,
      0.032257080078125,
      0.031494140625,
      0.031341552734375,
      0.0312042236328125,
      0.0303497314453125,
      0.0303497314453125,
      0.030120849609375,
      0.0300750732421875
    ]
  },
  "layer_11": {
    "top_feature_indices": [
      6266,
      5275,
      9199,
      10689,
      16090,
      11308,
      3042,
      15945,
      9545,
      14163,
      9695,
      8833,
      2274,
      1076,
      1624,
      12529,
      13274,
      3914,
      14059,
      3925
    ],
    "top_feature_values": [
      0.048187255859375,
      0.043304443359375,
      0.041961669921875,
      0.04119873046875,
      0.04052734375,
      0.039825439453125,
      0.0391845703125,
      0.0389404296875,
      0.038818359375,
      0.038177490234375,
      0.0377197265625,
      0.03765869140625,
      0.03704833984375,
      0.036773681640625,
      0.036651611328125,
      0.036651611328125,
      0.03662109375,
      0.035614013671875,
      0.034912109375,
      0.034912109375
    ]
  },
  "layer_12": {
    "top_feature_indices": [
      7426,
      14070,
      11837,
      11933,
      9543,
      10560,
      14065,
      1404,
      6875,
      7424,
      1480,
      10907,
      14870,
      4240,
      4792,
      9326,
      14254,
      14142,
      1389,
      13710
    ],
    "top_feature_values": [
      0.045654296875,
      0.043182373046875,
      0.04315185546875,
      0.04193115234375,
      0.0413818359375,
      0.04119873046875,
      0.039825439453125,
      0.039215087890625,
      0.03826904296875,
      0.038116455078125,
      0.0380859375,
      0.03765869140625,
      0.037506103515625,
      0.03704833984375,
      0.036895751953125,
      0.03680419921875,
      0.036651611328125,
      0.036651611328125,
      0.036651611328125,
      0.036651611328125
    ]
  },
  "metadata": {
    "num_examples_processed": 71,
    "layers_analyzed": [
      6,
      7,
      8,
      9,
      10,
      11,
      12
    ],
    "timestamp": "2025-02-28 10:19:55"
  }
}