{
  "layer_6": {
    "top_feature_indices": [
      15376,
      2327,
      2137,
      966,
      2393,
      3558,
      547,
      10272,
      10601,
      11817,
      9318,
      12290,
      4114,
      13810,
      15278,
      3232,
      4664,
      7065,
      9369,
      3978
    ],
    "top_feature_values": [
      0.18017578125,
      0.1395263671875,
      0.1260986328125,
      0.12548828125,
      0.1190185546875,
      0.11859130859375,
      0.11566162109375,
      0.09429931640625,
      0.0911865234375,
      0.091064453125,
      0.09039306640625,
      0.09027099609375,
      0.0892333984375,
      0.08905029296875,
      0.0889892578125,
      0.08636474609375,
      0.08544921875,
      0.08197021484375,
      0.08184814453125,
      0.08184814453125
    ]
  },
  "layer_7": {
    "top_feature_indices": [
      10311,
      6742,
      2024,
      5820,
      7562,
      13185,
      15890,
      70,
      3480,
      10430,
      13258,
      3757,
      11344,
      12954,
      2348,
      15614,
      7207,
      641,
      15115,
      4366
    ],
    "top_feature_values": [
      0.1318359375,
      0.1260986328125,
      0.1129150390625,
      0.10595703125,
      0.1058349609375,
      0.10296630859375,
      0.10284423828125,
      0.102783203125,
      0.093505859375,
      0.0911865234375,
      0.091064453125,
      0.09100341796875,
      0.09100341796875,
      0.0902099609375,
      0.09014892578125,
      0.090087890625,
      0.08990478515625,
      0.08990478515625,
      0.0892333984375,
      0.0892333984375
    ]
  },
  "layer_8": {
    "top_feature_indices": [
      2154,
      9441,
      13423,
      10898,
      1053,
      14747,
      13530,
      10985,
      5370,
      12958,
      264,
      12667,
      2054,
      5498,
      15244,
      7293,
      5132,
      4472,
      1365,
      7111
    ],
    "top_feature_values": [
      0.11309814453125,
      0.08184814453125,
      0.0782470703125,
      0.0782470703125,
      0.0782470703125,
      0.07763671875,
      0.07733154296875,
      0.07720947265625,
      0.076904296875,
      0.07623291015625,
      0.076171875,
      0.07598876953125,
      0.07281494140625,
      0.07281494140625,
      0.07196044921875,
      0.07196044921875,
      0.07159423828125,
      0.071533203125,
      0.07000732421875,
      0.06982421875
    ]
  },
  "layer_9": {
    "top_feature_indices": [
      9924,
      6930,
      13965,
      12640,
      9151,
      8555,
      1328,
      1649,
      9266,
      11560,
      12138,
      350,
      1960,
      4123,
      13385,
      6661,
      11433,
      11836,
      10086,
      2576
    ],
    "top_feature_values": [
      0.0889892578125,
      0.07696533203125,
      0.07598876953125,
      0.07598876953125,
      0.07281494140625,
      0.0718994140625,
      0.07171630859375,
      0.070068359375,
      0.070068359375,
      0.070068359375,
      0.06976318359375,
      0.06903076171875,
      0.0689697265625,
      0.0657958984375,
      0.0657958984375,
      0.0655517578125,
      0.06475830078125,
      0.06451416015625,
      0.0643310546875,
      0.06396484375
    ]
  },
  "layer_10": {
    "top_feature_indices": [
      4375,
      7547,
      10828,
      12733,
      3589,
      5559,
      13964,
      3660,
      14239,
      15734,
      14935,
      9383,
      5928,
      4753,
      6681,
      1763,
      100,
      13925,
      2045,
      1140
    ],
    "top_feature_values": [
      0.1290283203125,
      0.1287841796875,
      0.1279296875,
      0.1131591796875,
      0.09967041015625,
      0.09893798828125,
      0.09429931640625,
      0.09423828125,
      0.0941162109375,
      0.0941162109375,
      0.0941162109375,
      0.0941162109375,
      0.0941162109375,
      0.0933837890625,
      0.0911865234375,
      0.091064453125,
      0.0902099609375,
      0.0902099609375,
      0.08990478515625,
      0.08984375
    ]
  },
  "layer_11": {
    "top_feature_indices": [
      6266,
      5275,
      9199,
      10689,
      16090,
      11308,
      3042,
      15945,
      9545,
      14163,
      9695,
      8833,
      2274,
      1076,
      1624,
      12529,
      13274,
      3914,
      14059,
      3925
    ],
    "top_feature_values": [
      0.143798828125,
      0.128662109375,
      0.1263427734375,
      0.12548828125,
      0.11859130859375,
      0.11676025390625,
      0.1160888671875,
      0.1158447265625,
      0.11572265625,
      0.11505126953125,
      0.1131591796875,
      0.11309814453125,
      0.1124267578125,
      0.10662841796875,
      0.10650634765625,
      0.10650634765625,
      0.10650634765625,
      0.10400390625,
      0.103271484375,
      0.103271484375
    ]
  },
  "layer_12": {
    "top_feature_indices": [
      7426,
      14070,
      11837,
      11933,
      9543,
      10560,
      14065,
      1404,
      6875,
      7424,
      1480,
      10907,
      14870,
      4240,
      4792,
      9326,
      14254,
      14142,
      1389,
      13710
    ],
    "top_feature_values": [
      0.1375732421875,
      0.1285400390625,
      0.1285400390625,
      0.126220703125,
      0.125732421875,
      0.12548828125,
      0.11676025390625,
      0.11614990234375,
      0.11517333984375,
      0.114990234375,
      0.114990234375,
      0.11309814453125,
      0.1129150390625,
      0.1124267578125,
      0.1123046875,
      0.106689453125,
      0.10650634765625,
      0.10650634765625,
      0.10650634765625,
      0.10650634765625
    ]
  },
  "metadata": {
    "num_examples_processed": 211,
    "layers_analyzed": [
      6,
      7,
      8,
      9,
      10,
      11,
      12
    ],
    "timestamp": "2025-02-28 10:20:14"
  }
}