{
  "layer_6": {
    "top_feature_indices": [
      15376,
      2327,
      2137,
      966,
      2393,
      3558,
      547,
      10272,
      10601,
      11817,
      9318,
      12290,
      4114,
      13810,
      15278,
      3232,
      4664,
      7065,
      9369,
      3978
    ],
    "top_feature_values": [
      0.263427734375,
      0.2005615234375,
      0.1871337890625,
      0.1865234375,
      0.179443359375,
      0.178955078125,
      0.16552734375,
      0.1387939453125,
      0.1351318359375,
      0.135009765625,
      0.13427734375,
      0.1341552734375,
      0.1309814453125,
      0.130859375,
      0.1307373046875,
      0.1285400390625,
      0.127685546875,
      0.11859130859375,
      0.11846923828125,
      0.11846923828125
    ]
  },
  "layer_7": {
    "top_feature_indices": [
      10311,
      6742,
      2024,
      5820,
      7562,
      13185,
      15890,
      70,
      3480,
      10430,
      11344,
      3757,
      13258,
      12954,
      2348,
      15614,
      7207,
      641,
      15115,
      4366
    ],
    "top_feature_values": [
      0.19287109375,
      0.1871337890625,
      0.1630859375,
      0.15478515625,
      0.1546630859375,
      0.1517333984375,
      0.151611328125,
      0.151611328125,
      0.1378173828125,
      0.1351318359375,
      0.135009765625,
      0.135009765625,
      0.135009765625,
      0.134033203125,
      0.134033203125,
      0.1317138671875,
      0.131591796875,
      0.131591796875,
      0.1309814453125,
      0.1309814453125
    ]
  },
  "layer_8": {
    "top_feature_indices": [
      2154,
      9441,
      13423,
      10898,
      1053,
      14747,
      13530,
      10985,
      5370,
      12958,
      264,
      12667,
      2054,
      5498,
      15244,
      7293,
      5132,
      4472,
      1365,
      7111
    ],
    "top_feature_values": [
      0.1632080078125,
      0.11846923828125,
      0.1148681640625,
      0.1148681640625,
      0.1148681640625,
      0.1142578125,
      0.11395263671875,
      0.11383056640625,
      0.113525390625,
      0.11285400390625,
      0.11279296875,
      0.11260986328125,
      0.10943603515625,
      0.10943603515625,
      0.10858154296875,
      0.10858154296875,
      0.10821533203125,
      0.108154296875,
      0.10052490234375,
      0.100341796875
    ]
  },
  "layer_9": {
    "top_feature_indices": [
      9924,
      6930,
      13965,
      12640,
      9151,
      8555,
      1328,
      1649,
      9266,
      11560,
      12138,
      350,
      1960,
      4123,
      13385,
      6661,
      11433,
      11836,
      10086,
      2576
    ],
    "top_feature_values": [
      0.1307373046875,
      0.11358642578125,
      0.11260986328125,
      0.11260986328125,
      0.10943603515625,
      0.1085205078125,
      0.10833740234375,
      0.1005859375,
      0.1005859375,
      0.1005859375,
      0.10028076171875,
      0.09954833984375,
      0.0994873046875,
      0.0963134765625,
      0.0963134765625,
      0.0960693359375,
      0.09527587890625,
      0.09503173828125,
      0.0948486328125,
      0.094482421875
    ]
  },
  "layer_10": {
    "top_feature_indices": [
      4375,
      7547,
      10828,
      12733,
      3589,
      5559,
      13964,
      3660,
      14239,
      15734,
      14935,
      9383,
      5928,
      4753,
      6681,
      1763,
      100,
      13925,
      2045,
      1140
    ],
    "top_feature_values": [
      0.1900634765625,
      0.1898193359375,
      0.18896484375,
      0.163330078125,
      0.1484375,
      0.147705078125,
      0.1387939453125,
      0.138671875,
      0.1385498046875,
      0.1385498046875,
      0.1385498046875,
      0.1385498046875,
      0.1385498046875,
      0.1376953125,
      0.1351318359375,
      0.135009765625,
      0.134033203125,
      0.134033203125,
      0.131591796875,
      0.1314697265625
    ]
  },
  "layer_11": {
    "top_feature_indices": [
      6266,
      5275,
      9199,
      10689,
      16090,
      11308,
      3042,
      15945,
      9545,
      14163,
      9695,
      8833,
      2274,
      1076,
      1624,
      12529,
      13274,
      3914,
      3925,
      1575
    ],
    "top_feature_values": [
      0.217041015625,
      0.189697265625,
      0.1873779296875,
      0.1865234375,
      0.178955078125,
      0.1768798828125,
      0.1761474609375,
      0.1656494140625,
      0.16552734375,
      0.1650390625,
      0.163330078125,
      0.1632080078125,
      0.16259765625,
      0.155517578125,
      0.1553955078125,
      0.1553955078125,
      0.1553955078125,
      0.15283203125,
      0.152099609375,
      0.152099609375
    ]
  },
  "layer_12": {
    "top_feature_indices": [
      7426,
      14070,
      11837,
      11933,
      9543,
      10560,
      14065,
      1404,
      6875,
      7424,
      1480,
      10907,
      14870,
      4792,
      4240,
      9326,
      14254,
      14142,
      1389,
      13710
    ],
    "top_feature_values": [
      0.1986083984375,
      0.1895751953125,
      0.1895751953125,
      0.187255859375,
      0.186767578125,
      0.1865234375,
      0.1768798828125,
      0.1761474609375,
      0.1650390625,
      0.1649169921875,
      0.1649169921875,
      0.1632080078125,
      0.1630859375,
      0.16259765625,
      0.16259765625,
      0.155517578125,
      0.1553955078125,
      0.1553955078125,
      0.1553955078125,
      0.1553955078125
    ]
  },
  "metadata": {
    "num_examples_processed": 311,
    "layers_analyzed": [
      6,
      7,
      8,
      9,
      10,
      11,
      12
    ],
    "timestamp": "2025-02-28 10:20:28"
  }
}