{
  "layer_6": {
    "top_feature_indices": [
      15376,
      2327,
      2137,
      966,
      2393,
      3558,
      547,
      10272,
      10601,
      11817,
      9318,
      12290,
      4114,
      13810,
      15278,
      3232,
      4664,
      7065,
      9369,
      3978
    ],
    "top_feature_values": [
      0.188720703125,
      0.1456298828125,
      0.1322021484375,
      0.131591796875,
      0.12451171875,
      0.12408447265625,
      0.12115478515625,
      0.09857177734375,
      0.095458984375,
      0.0953369140625,
      0.09466552734375,
      0.09454345703125,
      0.093505859375,
      0.09332275390625,
      0.09326171875,
      0.09063720703125,
      0.0897216796875,
      0.08563232421875,
      0.08551025390625,
      0.08551025390625
    ]
  },
  "layer_7": {
    "top_feature_indices": [
      10311,
      6742,
      2024,
      5820,
      7562,
      13185,
      15890,
      70,
      3480,
      10430,
      13258,
      3757,
      11344,
      12954,
      2348,
      15614,
      7207,
      641,
      15115,
      4366
    ],
    "top_feature_values": [
      0.137939453125,
      0.1322021484375,
      0.118408203125,
      0.11083984375,
      0.1107177734375,
      0.10784912109375,
      0.10772705078125,
      0.107666015625,
      0.0977783203125,
      0.095458984375,
      0.0953369140625,
      0.09527587890625,
      0.09527587890625,
      0.094482421875,
      0.09442138671875,
      0.0943603515625,
      0.09417724609375,
      0.09417724609375,
      0.093505859375,
      0.093505859375
    ]
  },
  "layer_8": {
    "top_feature_indices": [
      2154,
      9441,
      13423,
      10898,
      1053,
      14747,
      13530,
      10985,
      5370,
      12958,
      264,
      12667,
      2054,
      5498,
      15244,
      7293,
      5132,
      4472,
      1365,
      7111
    ],
    "top_feature_values": [
      0.11859130859375,
      0.08551025390625,
      0.0819091796875,
      0.0819091796875,
      0.0819091796875,
      0.081298828125,
      0.08099365234375,
      0.08087158203125,
      0.08056640625,
      0.07989501953125,
      0.079833984375,
      0.07965087890625,
      0.07647705078125,
      0.07647705078125,
      0.07562255859375,
      0.07562255859375,
      0.07525634765625,
      0.0751953125,
      0.07305908203125,
      0.0728759765625
    ]
  },
  "layer_9": {
    "top_feature_indices": [
      9924,
      6930,
      13965,
      12640,
      9151,
      8555,
      1328,
      1649,
      9266,
      11560,
      12138,
      350,
      1960,
      4123,
      13385,
      6661,
      11433,
      11836,
      10086,
      2576
    ],
    "top_feature_values": [
      0.09326171875,
      0.08062744140625,
      0.07965087890625,
      0.07965087890625,
      0.07647705078125,
      0.0755615234375,
      0.07537841796875,
      0.0731201171875,
      0.0731201171875,
      0.0731201171875,
      0.07281494140625,
      0.07208251953125,
      0.072021484375,
      0.06884765625,
      0.06884765625,
      0.068603515625,
      0.06781005859375,
      0.06756591796875,
      0.0673828125,
      0.0670166015625
    ]
  },
  "layer_10": {
    "top_feature_indices": [
      4375,
      7547,
      10828,
      12733,
      3589,
      5559,
      13964,
      3660,
      14239,
      15734,
      14935,
      9383,
      5928,
      4753,
      6681,
      1763,
      100,
      13925,
      2045,
      1140
    ],
    "top_feature_values": [
      0.1351318359375,
      0.1348876953125,
      0.134033203125,
      0.11865234375,
      0.10455322265625,
      0.10382080078125,
      0.09857177734375,
      0.0985107421875,
      0.098388671875,
      0.098388671875,
      0.098388671875,
      0.098388671875,
      0.098388671875,
      0.09765625,
      0.095458984375,
      0.0953369140625,
      0.094482421875,
      0.094482421875,
      0.09417724609375,
      0.0941162109375
    ]
  },
  "layer_11": {
    "top_feature_indices": [
      6266,
      5275,
      9199,
      10689,
      16090,
      11308,
      3042,
      15945,
      9545,
      14163,
      9695,
      8833,
      2274,
      1076,
      1624,
      12529,
      13274,
      3914,
      14059,
      3925
    ],
    "top_feature_values": [
      0.151123046875,
      0.134765625,
      0.1324462890625,
      0.131591796875,
      0.12408447265625,
      0.12225341796875,
      0.12158203125,
      0.121337890625,
      0.1212158203125,
      0.12054443359375,
      0.11865234375,
      0.11859130859375,
      0.117919921875,
      0.11151123046875,
      0.11138916015625,
      0.11138916015625,
      0.11138916015625,
      0.10888671875,
      0.108154296875,
      0.108154296875
    ]
  },
  "layer_12": {
    "top_feature_indices": [
      7426,
      14070,
      11837,
      11933,
      9543,
      10560,
      14065,
      1404,
      6875,
      7424,
      1480,
      10907,
      14870,
      4240,
      4792,
      9326,
      14254,
      14142,
      1389,
      13710
    ],
    "top_feature_values": [
      0.1436767578125,
      0.1346435546875,
      0.1346435546875,
      0.13232421875,
      0.1318359375,
      0.131591796875,
      0.12225341796875,
      0.12164306640625,
      0.12066650390625,
      0.1204833984375,
      0.1204833984375,
      0.11859130859375,
      0.118408203125,
      0.117919921875,
      0.1177978515625,
      0.111572265625,
      0.11138916015625,
      0.11138916015625,
      0.11138916015625,
      0.11138916015625
    ]
  },
  "metadata": {
    "num_examples_processed": 221,
    "layers_analyzed": [
      6,
      7,
      8,
      9,
      10,
      11,
      12
    ],
    "timestamp": "2025-02-28 10:20:16"
  }
}