{
  "layer_6": {
    "top_feature_indices": [
      15376,
      2327,
      2137,
      966,
      2393,
      3558,
      547,
      10272,
      10601,
      11817,
      9318,
      12290,
      4114,
      13810,
      15278,
      3232,
      4664,
      7065,
      9369,
      3978
    ],
    "top_feature_values": [
      0.222900390625,
      0.1700439453125,
      0.1566162109375,
      0.156005859375,
      0.14892578125,
      0.1484375,
      0.14111328125,
      0.11566162109375,
      0.112548828125,
      0.1124267578125,
      0.11175537109375,
      0.11163330078125,
      0.110595703125,
      0.11041259765625,
      0.1103515625,
      0.10772705078125,
      0.1068115234375,
      0.10028076171875,
      0.10015869140625,
      0.10015869140625
    ]
  },
  "layer_7": {
    "top_feature_indices": [
      10311,
      6742,
      2024,
      5820,
      7562,
      13185,
      15890,
      70,
      3480,
      10430,
      13258,
      3757,
      11344,
      12954,
      2348,
      15614,
      7207,
      641,
      15115,
      4366
    ],
    "top_feature_values": [
      0.162353515625,
      0.1566162109375,
      0.138671875,
      0.13037109375,
      0.1302490234375,
      0.1273193359375,
      0.127197265625,
      0.127197265625,
      0.1148681640625,
      0.112548828125,
      0.1124267578125,
      0.11236572265625,
      0.11236572265625,
      0.111572265625,
      0.11151123046875,
      0.1114501953125,
      0.11126708984375,
      0.11126708984375,
      0.110595703125,
      0.110595703125
    ]
  },
  "layer_8": {
    "top_feature_indices": [
      2154,
      9441,
      13423,
      10898,
      1053,
      14747,
      13530,
      10985,
      5370,
      12958,
      264,
      12667,
      2054,
      5498,
      15244,
      7293,
      5132,
      4472,
      1365,
      7111
    ],
    "top_feature_values": [
      0.1387939453125,
      0.10015869140625,
      0.0965576171875,
      0.0965576171875,
      0.0965576171875,
      0.095947265625,
      0.09564208984375,
      0.09552001953125,
      0.09521484375,
      0.09454345703125,
      0.094482421875,
      0.09429931640625,
      0.09112548828125,
      0.09112548828125,
      0.09027099609375,
      0.09027099609375,
      0.08990478515625,
      0.08984375,
      0.08526611328125,
      0.0850830078125
    ]
  },
  "layer_9": {
    "top_feature_indices": [
      9924,
      6930,
      13965,
      12640,
      9151,
      8555,
      1328,
      1649,
      9266,
      11560,
      12138,
      350,
      1960,
      4123,
      13385,
      6661,
      11433,
      11836,
      10086,
      2576
    ],
    "top_feature_values": [
      0.1103515625,
      0.09527587890625,
      0.09429931640625,
      0.09429931640625,
      0.09112548828125,
      0.0902099609375,
      0.09002685546875,
      0.0853271484375,
      0.0853271484375,
      0.0853271484375,
      0.08502197265625,
      0.08428955078125,
      0.084228515625,
      0.0810546875,
      0.0810546875,
      0.080810546875,
      0.08001708984375,
      0.07977294921875,
      0.07958984375,
      0.0792236328125
    ]
  },
  "layer_10": {
    "top_feature_indices": [
      4375,
      7547,
      10828,
      12733,
      3589,
      5559,
      13964,
      3660,
      14239,
      15734,
      14935,
      9383,
      5928,
      4753,
      6681,
      1763,
      100,
      13925,
      2045,
      1140
    ],
    "top_feature_values": [
      0.1595458984375,
      0.1593017578125,
      0.158447265625,
      0.138916015625,
      0.12408447265625,
      0.12335205078125,
      0.11566162109375,
      0.1156005859375,
      0.115478515625,
      0.115478515625,
      0.115478515625,
      0.115478515625,
      0.115478515625,
      0.11474609375,
      0.112548828125,
      0.1124267578125,
      0.111572265625,
      0.111572265625,
      0.11126708984375,
      0.1112060546875
    ]
  },
  "layer_11": {
    "top_feature_indices": [
      6266,
      5275,
      9199,
      10689,
      16090,
      11308,
      3042,
      15945,
      9545,
      14163,
      9695,
      8833,
      2274,
      1076,
      1624,
      12529,
      13274,
      3914,
      3925,
      1575
    ],
    "top_feature_values": [
      0.180419921875,
      0.1591796875,
      0.1568603515625,
      0.156005859375,
      0.1484375,
      0.1463623046875,
      0.1456298828125,
      0.1412353515625,
      0.14111328125,
      0.140625,
      0.138916015625,
      0.1387939453125,
      0.13818359375,
      0.131103515625,
      0.1309814453125,
      0.1309814453125,
      0.1309814453125,
      0.12841796875,
      0.127685546875,
      0.127685546875
    ]
  },
  "layer_12": {
    "top_feature_indices": [
      7426,
      14070,
      11837,
      11933,
      9543,
      10560,
      14065,
      1404,
      6875,
      7424,
      1480,
      10907,
      14870,
      4792,
      4240,
      9326,
      14254,
      14142,
      1389,
      13710
    ],
    "top_feature_values": [
      0.1680908203125,
      0.1590576171875,
      0.1590576171875,
      0.15673828125,
      0.15625,
      0.156005859375,
      0.1463623046875,
      0.1456298828125,
      0.140625,
      0.1405029296875,
      0.1405029296875,
      0.1387939453125,
      0.138671875,
      0.13818359375,
      0.13818359375,
      0.131103515625,
      0.1309814453125,
      0.1309814453125,
      0.1309814453125,
      0.1309814453125
    ]
  },
  "metadata": {
    "num_examples_processed": 261,
    "layers_analyzed": [
      6,
      7,
      8,
      9,
      10,
      11,
      12
    ],
    "timestamp": "2025-02-28 10:20:21"
  }
}