{
  "layer_6": {
    "top_feature_indices": [
      15376,
      2327,
      2137,
      966,
      2393,
      3558,
      547,
      10272,
      10601,
      11817,
      9318,
      12290,
      4114,
      13810,
      15278,
      3232,
      4664,
      7065,
      9369,
      3978
    ],
    "top_feature_values": [
      0.0179290771484375,
      0.0137786865234375,
      0.0123443603515625,
      0.01218414306640625,
      0.01201629638671875,
      0.01200103759765625,
      0.01137542724609375,
      0.00960540771484375,
      0.00923919677734375,
      0.009185791015625,
      0.0091094970703125,
      0.0090484619140625,
      0.008758544921875,
      0.00870513916015625,
      0.0086669921875,
      0.0085601806640625,
      0.0084075927734375,
      0.00826263427734375,
      0.00823974609375,
      0.00823974609375
    ]
  },
  "layer_7": {
    "top_feature_indices": [
      10311,
      6742,
      2024,
      5820,
      7562,
      13185,
      15890,
      70,
      3480,
      10430,
      13258,
      3757,
      11344,
      12954,
      2348,
      15614,
      641,
      7207,
      15552,
      4366
    ],
    "top_feature_values": [
      0.013458251953125,
      0.01235198974609375,
      0.0110626220703125,
      0.01068115234375,
      0.01058197021484375,
      0.01024627685546875,
      0.01015472412109375,
      0.01013946533203125,
      0.0093994140625,
      0.00923919677734375,
      0.00919342041015625,
      0.00914764404296875,
      0.0091400146484375,
      0.00897979736328125,
      0.00897216796875,
      0.00891876220703125,
      0.008880615234375,
      0.0088653564453125,
      0.00879669189453125,
      0.008758544921875
    ]
  },
  "layer_8": {
    "top_feature_indices": [
      2154,
      9441,
      1053,
      13423,
      10898,
      14747,
      13530,
      10985,
      5370,
      12958,
      264,
      12667,
      5498,
      2054,
      15244,
      7293,
      5132,
      4472,
      1365,
      7111
    ],
    "top_feature_values": [
      0.0111541748046875,
      0.00823211669921875,
      0.00787353515625,
      0.0078582763671875,
      0.0078582763671875,
      0.00785064697265625,
      0.00775146484375,
      0.00768280029296875,
      0.00754547119140625,
      0.0075225830078125,
      0.00745391845703125,
      0.007450103759765625,
      0.00728607177734375,
      0.00727081298828125,
      0.0072021484375,
      0.007190704345703125,
      0.007053375244140625,
      0.007049560546875,
      0.006977081298828125,
      0.00696563720703125
    ]
  },
  "layer_9": {
    "top_feature_indices": [
      9924,
      6930,
      12640,
      13965,
      9151,
      8555,
      1328,
      11560,
      9266,
      1649,
      12138,
      350,
      1960,
      4123,
      13385,
      6661,
      11433,
      11836,
      10086,
      2576
    ],
    "top_feature_values": [
      0.00865936279296875,
      0.00760650634765625,
      0.0074462890625,
      0.0074310302734375,
      0.007282257080078125,
      0.007137298583984375,
      0.007110595703125,
      0.007045745849609375,
      0.007030487060546875,
      0.007030487060546875,
      0.00689697265625,
      0.006870269775390625,
      0.00681304931640625,
      0.0066680908203125,
      0.006656646728515625,
      0.006591796875,
      0.006565093994140625,
      0.0064697265625,
      0.00638580322265625,
      0.0062713623046875
    ]
  },
  "layer_10": {
    "top_feature_indices": [
      4375,
      7547,
      10828,
      12733,
      3589,
      5559,
      13964,
      3660,
      15734,
      9383,
      5928,
      14935,
      14239,
      4753,
      6681,
      1763,
      100,
      13925,
      2045,
      10004
    ],
    "top_feature_values": [
      0.01297760009765625,
      0.0128173828125,
      0.0124969482421875,
      0.01120758056640625,
      0.00978851318359375,
      0.009674072265625,
      0.00960540771484375,
      0.009552001953125,
      0.00951385498046875,
      0.00951385498046875,
      0.00951385498046875,
      0.00946807861328125,
      0.00946807861328125,
      0.00934600830078125,
      0.0092315673828125,
      0.00919342041015625,
      0.00897979736328125,
      0.00897979736328125,
      0.008880615234375,
      0.0088348388671875
    ]
  },
  "layer_11": {
    "top_feature_indices": [
      6266,
      5275,
      9199,
      10689,
      16090,
      11308,
      3042,
      15945,
      9545,
      14163,
      9695,
      8833,
      2274,
      1076,
      1624,
      12529,
      13274,
      3914,
      14059,
      3925
    ],
    "top_feature_values": [
      0.0142669677734375,
      0.0128021240234375,
      0.012481689453125,
      0.0121917724609375,
      0.0120086669921875,
      0.0118408203125,
      0.0116424560546875,
      0.0114898681640625,
      0.01142120361328125,
      0.0112762451171875,
      0.011199951171875,
      0.01116180419921875,
      0.01103973388671875,
      0.010833740234375,
      0.01078033447265625,
      0.01078033447265625,
      0.01074981689453125,
      0.01055908203125,
      0.010406494140625,
      0.01039886474609375
    ]
  },
  "layer_12": {
    "top_feature_indices": [
      7426,
      14070,
      11837,
      11933,
      9543,
      10560,
      14065,
      1404,
      6875,
      7424,
      1480,
      10907,
      14870,
      4240,
      4792,
      9326,
      1389,
      14254,
      14142,
      13710
    ],
    "top_feature_values": [
      0.01357269287109375,
      0.0126953125,
      0.01267242431640625,
      0.012451171875,
      0.0123291015625,
      0.01218414306640625,
      0.0118408203125,
      0.01169586181640625,
      0.01132965087890625,
      0.01123046875,
      0.0112152099609375,
      0.0111541748046875,
      0.01107025146484375,
      0.01103973388671875,
      0.0109405517578125,
      0.0108795166015625,
      0.0107879638671875,
      0.0107879638671875,
      0.01078033447265625,
      0.01078033447265625
    ]
  },
  "metadata": {
    "num_examples_processed": 21,
    "layers_analyzed": [
      6,
      7,
      8,
      9,
      10,
      11,
      12
    ],
    "timestamp": "2025-02-28 10:19:48"
  }
}