{
  "layer_6": {
    "top_feature_indices": [
      15376,
      2327,
      2137,
      966,
      2393,
      3558,
      547,
      10272,
      10601,
      11817,
      9318,
      12290,
      4114,
      13810,
      15278,
      3232,
      4664,
      7065,
      9369,
      3978
    ],
    "top_feature_values": [
      0.12042236328125,
      0.09393310546875,
      0.08343505859375,
      0.08282470703125,
      0.08056640625,
      0.08013916015625,
      0.07720947265625,
      0.06439208984375,
      0.061248779296875,
      0.061126708984375,
      0.06048583984375,
      0.060333251953125,
      0.059326171875,
      0.05914306640625,
      0.059112548828125,
      0.056884765625,
      0.0560302734375,
      0.05584716796875,
      0.055694580078125,
      0.055694580078125
    ]
  },
  "layer_7": {
    "top_feature_indices": [
      10311,
      6742,
      2024,
      5820,
      7562,
      13185,
      15890,
      70,
      3480,
      10430,
      13258,
      3757,
      11344,
      12954,
      2348,
      15614,
      641,
      7207,
      15552,
      4366
    ],
    "top_feature_values": [
      0.089111328125,
      0.08343505859375,
      0.074462890625,
      0.07177734375,
      0.0716552734375,
      0.06878662109375,
      0.06866455078125,
      0.068603515625,
      0.0635986328125,
      0.061248779296875,
      0.061126708984375,
      0.061065673828125,
      0.061065673828125,
      0.060272216796875,
      0.06024169921875,
      0.0601806640625,
      0.060028076171875,
      0.05999755859375,
      0.059356689453125,
      0.059326171875
    ]
  },
  "layer_8": {
    "top_feature_indices": [
      2154,
      9441,
      1053,
      13423,
      10898,
      14747,
      13530,
      10985,
      5370,
      12958,
      264,
      12667,
      2054,
      5498,
      15244,
      7293,
      5132,
      4472,
      1365,
      7111
    ],
    "top_feature_values": [
      0.07464599609375,
      0.055694580078125,
      0.0526123046875,
      0.052581787109375,
      0.052581787109375,
      0.051971435546875,
      0.05169677734375,
      0.051605224609375,
      0.051300048828125,
      0.05059814453125,
      0.050537109375,
      0.050384521484375,
      0.048431396484375,
      0.048431396484375,
      0.04766845703125,
      0.04766845703125,
      0.04736328125,
      0.047332763671875,
      0.0472412109375,
      0.04705810546875
    ]
  },
  "layer_9": {
    "top_feature_indices": [
      9924,
      6930,
      12640,
      13965,
      9151,
      8555,
      1328,
      1649,
      9266,
      11560,
      12138,
      350,
      1960,
      4123,
      13385,
      6661,
      11433,
      11836,
      10086,
      2576
    ],
    "top_feature_values": [
      0.059112548828125,
      0.051361083984375,
      0.050384521484375,
      0.05035400390625,
      0.048431396484375,
      0.047607421875,
      0.04742431640625,
      0.04730224609375,
      0.04730224609375,
      0.04730224609375,
      0.046966552734375,
      0.04620361328125,
      0.046142578125,
      0.04443359375,
      0.04443359375,
      0.044189453125,
      0.04339599609375,
      0.043121337890625,
      0.042999267578125,
      0.042633056640625
    ]
  },
  "layer_10": {
    "top_feature_indices": [
      4375,
      7547,
      10828,
      12733,
      3589,
      5559,
      13964,
      3660,
      14239,
      15734,
      14935,
      9383,
      5928,
      4753,
      6681,
      1763,
      100,
      13925,
      2045,
      1140
    ],
    "top_feature_values": [
      0.0863037109375,
      0.0860595703125,
      0.08526611328125,
      0.07470703125,
      0.06549072265625,
      0.06475830078125,
      0.06439208984375,
      0.0643310546875,
      0.064208984375,
      0.064208984375,
      0.064208984375,
      0.064208984375,
      0.064208984375,
      0.0634765625,
      0.061248779296875,
      0.061126708984375,
      0.060272216796875,
      0.060272216796875,
      0.060028076171875,
      0.059967041015625
    ]
  },
  "layer_11": {
    "top_feature_indices": [
      6266,
      5275,
      9199,
      10689,
      16090,
      11308,
      3042,
      15945,
      9545,
      14163,
      9695,
      8833,
      2274,
      1076,
      1624,
      12529,
      13274,
      3914,
      14059,
      3925
    ],
    "top_feature_values": [
      0.09521484375,
      0.08599853515625,
      0.0836181640625,
      0.08282470703125,
      0.08013916015625,
      0.07830810546875,
      0.07763671875,
      0.077392578125,
      0.0772705078125,
      0.07659912109375,
      0.07470703125,
      0.07464599609375,
      0.073974609375,
      0.07244873046875,
      0.07232666015625,
      0.07232666015625,
      0.07232666015625,
      0.06982421875,
      0.069091796875,
      0.069091796875
    ]
  },
  "layer_12": {
    "top_feature_indices": [
      7426,
      14070,
      11837,
      11933,
      9543,
      10560,
      14065,
      1404,
      6875,
      7424,
      1480,
      10907,
      14870,
      4240,
      4792,
      9326,
      14254,
      14142,
      1389,
      13710
    ],
    "top_feature_values": [
      0.09185791015625,
      0.08587646484375,
      0.08587646484375,
      0.08355712890625,
      0.0830078125,
      0.08282470703125,
      0.07830810546875,
      0.07769775390625,
      0.07672119140625,
      0.0765380859375,
      0.0765380859375,
      0.07464599609375,
      0.074462890625,
      0.073974609375,
      0.0738525390625,
      0.072509765625,
      0.07232666015625,
      0.07232666015625,
      0.07232666015625,
      0.07232666015625
    ]
  },
  "metadata": {
    "num_examples_processed": 141,
    "layers_analyzed": [
      6,
      7,
      8,
      9,
      10,
      11,
      12
    ],
    "timestamp": "2025-02-28 10:20:05"
  }
}