{
  "layer_6": {
    "top_feature_indices": [
      15376,
      2327,
      2137,
      966,
      2393,
      3558,
      547,
      10272,
      10601,
      11817,
      9318,
      12290,
      4114,
      13810,
      15278,
      3232,
      4664,
      7065,
      9369,
      3978
    ],
    "top_feature_values": [
      0.24853515625,
      0.1883544921875,
      0.1749267578125,
      0.17431640625,
      0.167236328125,
      0.166748046875,
      0.15576171875,
      0.1290283203125,
      0.1253662109375,
      0.125244140625,
      0.12457275390625,
      0.12445068359375,
      0.1234130859375,
      0.12322998046875,
      0.1231689453125,
      0.12054443359375,
      0.11962890625,
      0.11126708984375,
      0.11114501953125,
      0.11114501953125
    ]
  },
  "layer_7": {
    "top_feature_indices": [
      10311,
      6742,
      2024,
      5820,
      7562,
      13185,
      15890,
      70,
      3480,
      10430,
      11344,
      3757,
      13258,
      12954,
      2348,
      15614,
      7207,
      641,
      15115,
      4366
    ],
    "top_feature_values": [
      0.1806640625,
      0.1749267578125,
      0.1533203125,
      0.14501953125,
      0.1448974609375,
      0.1419677734375,
      0.141845703125,
      0.141845703125,
      0.1280517578125,
      0.1253662109375,
      0.125244140625,
      0.125244140625,
      0.125244140625,
      0.1243896484375,
      0.12432861328125,
      0.124267578125,
      0.12408447265625,
      0.12408447265625,
      0.1234130859375,
      0.1234130859375
    ]
  },
  "layer_8": {
    "top_feature_indices": [
      2154,
      9441,
      13423,
      10898,
      1053,
      14747,
      13530,
      10985,
      5370,
      12958,
      264,
      12667,
      2054,
      5498,
      15244,
      7293,
      5132,
      4472,
      1365,
      7111
    ],
    "top_feature_values": [
      0.1534423828125,
      0.11114501953125,
      0.1075439453125,
      0.1075439453125,
      0.1075439453125,
      0.10693359375,
      0.10662841796875,
      0.10650634765625,
      0.106201171875,
      0.10552978515625,
      0.10546875,
      0.10528564453125,
      0.10211181640625,
      0.10211181640625,
      0.10125732421875,
      0.10125732421875,
      0.10089111328125,
      0.100830078125,
      0.09442138671875,
      0.09423828125
    ]
  },
  "layer_9": {
    "top_feature_indices": [
      9924,
      6930,
      13965,
      12640,
      9151,
      8555,
      1328,
      1649,
      9266,
      11560,
      12138,
      350,
      1960,
      4123,
      13385,
      6661,
      11433,
      11836,
      10086,
      2576
    ],
    "top_feature_values": [
      0.1231689453125,
      0.10626220703125,
      0.10528564453125,
      0.10528564453125,
      0.10211181640625,
      0.1011962890625,
      0.10101318359375,
      0.094482421875,
      0.094482421875,
      0.094482421875,
      0.09417724609375,
      0.09344482421875,
      0.0933837890625,
      0.0902099609375,
      0.0902099609375,
      0.0899658203125,
      0.08917236328125,
      0.08892822265625,
      0.0887451171875,
      0.08837890625
    ]
  },
  "layer_10": {
    "top_feature_indices": [
      4375,
      7547,
      10828,
      12733,
      3589,
      5559,
      13964,
      3660,
      14239,
      15734,
      14935,
      9383,
      5928,
      4753,
      6681,
      1763,
      100,
      13925,
      2045,
      1140
    ],
    "top_feature_values": [
      0.1778564453125,
      0.1776123046875,
      0.1767578125,
      0.153564453125,
      0.138671875,
      0.137939453125,
      0.1290283203125,
      0.12890625,
      0.1287841796875,
      0.1287841796875,
      0.1287841796875,
      0.1287841796875,
      0.1287841796875,
      0.1279296875,
      0.1253662109375,
      0.125244140625,
      0.1243896484375,
      0.1243896484375,
      0.12408447265625,
      0.1240234375
    ]
  },
  "layer_11": {
    "top_feature_indices": [
      6266,
      5275,
      9199,
      10689,
      16090,
      11308,
      3042,
      15945,
      9545,
      14163,
      9695,
      8833,
      2274,
      1076,
      1624,
      12529,
      13274,
      3914,
      3925,
      1575
    ],
    "top_feature_values": [
      0.202392578125,
      0.177490234375,
      0.1751708984375,
      0.17431640625,
      0.166748046875,
      0.1646728515625,
      0.1639404296875,
      0.1558837890625,
      0.15576171875,
      0.1552734375,
      0.153564453125,
      0.1534423828125,
      0.15283203125,
      0.145751953125,
      0.1456298828125,
      0.1456298828125,
      0.1456298828125,
      0.14306640625,
      0.142333984375,
      0.142333984375
    ]
  },
  "layer_12": {
    "top_feature_indices": [
      7426,
      14070,
      11837,
      11933,
      9543,
      10560,
      14065,
      1404,
      6875,
      7424,
      1480,
      10907,
      14870,
      4792,
      4240,
      9326,
      14254,
      14142,
      1389,
      13710
    ],
    "top_feature_values": [
      0.1864013671875,
      0.1773681640625,
      0.1773681640625,
      0.175048828125,
      0.174560546875,
      0.17431640625,
      0.1646728515625,
      0.1639404296875,
      0.1552734375,
      0.1551513671875,
      0.1551513671875,
      0.1534423828125,
      0.1533203125,
      0.15283203125,
      0.15283203125,
      0.145751953125,
      0.1456298828125,
      0.1456298828125,
      0.1456298828125,
      0.1456298828125
    ]
  },
  "metadata": {
    "num_examples_processed": 291,
    "layers_analyzed": [
      6,
      7,
      8,
      9,
      10,
      11,
      12
    ],
    "timestamp": "2025-02-28 10:20:25"
  }
}