{
  "layer_6": {
    "top_feature_indices": [
      15376,
      2327,
      2137,
      966,
      2393,
      3558,
      547,
      10272,
      10601,
      11817,
      9318,
      12290,
      4114,
      13810,
      15278,
      3232,
      4664,
      7065,
      9369,
      3978
    ],
    "top_feature_values": [
      0.21435546875,
      0.1639404296875,
      0.1505126953125,
      0.14990234375,
      0.142822265625,
      0.142333984375,
      0.13623046875,
      0.11138916015625,
      0.1082763671875,
      0.108154296875,
      0.10748291015625,
      0.10736083984375,
      0.1063232421875,
      0.10614013671875,
      0.1060791015625,
      0.10345458984375,
      0.1025390625,
      0.09661865234375,
      0.09649658203125,
      0.09649658203125
    ]
  },
  "layer_7": {
    "top_feature_indices": [
      10311,
      6742,
      2024,
      5820,
      7562,
      13185,
      15890,
      70,
      3480,
      10430,
      13258,
      3757,
      11344,
      12954,
      2348,
      15614,
      7207,
      641,
      15115,
      4366
    ],
    "top_feature_values": [
      0.15625,
      0.1505126953125,
      0.1337890625,
      0.12548828125,
      0.1253662109375,
      0.12249755859375,
      0.12237548828125,
      0.122314453125,
      0.110595703125,
      0.1082763671875,
      0.108154296875,
      0.10809326171875,
      0.10809326171875,
      0.1072998046875,
      0.10723876953125,
      0.107177734375,
      0.10699462890625,
      0.10699462890625,
      0.1063232421875,
      0.1063232421875
    ]
  },
  "layer_8": {
    "top_feature_indices": [
      2154,
      9441,
      13423,
      10898,
      1053,
      14747,
      13530,
      10985,
      5370,
      12958,
      264,
      12667,
      2054,
      5498,
      15244,
      7293,
      5132,
      4472,
      1365,
      7111
    ],
    "top_feature_values": [
      0.1339111328125,
      0.09649658203125,
      0.0928955078125,
      0.0928955078125,
      0.0928955078125,
      0.09228515625,
      0.09197998046875,
      0.09185791015625,
      0.091552734375,
      0.09088134765625,
      0.0908203125,
      0.09063720703125,
      0.08746337890625,
      0.08746337890625,
      0.08660888671875,
      0.08660888671875,
      0.08624267578125,
      0.086181640625,
      0.08221435546875,
      0.08203125
    ]
  },
  "layer_9": {
    "top_feature_indices": [
      9924,
      6930,
      13965,
      12640,
      9151,
      8555,
      1328,
      1649,
      9266,
      11560,
      12138,
      350,
      1960,
      4123,
      13385,
      6661,
      11433,
      11836,
      10086,
      2576
    ],
    "top_feature_values": [
      0.1060791015625,
      0.09161376953125,
      0.09063720703125,
      0.09063720703125,
      0.08746337890625,
      0.0865478515625,
      0.08636474609375,
      0.082275390625,
      0.082275390625,
      0.082275390625,
      0.08197021484375,
      0.08123779296875,
      0.0811767578125,
      0.0780029296875,
      0.0780029296875,
      0.0777587890625,
      0.07696533203125,
      0.07672119140625,
      0.0765380859375,
      0.076171875
    ]
  },
  "layer_10": {
    "top_feature_indices": [
      4375,
      7547,
      10828,
      12733,
      3589,
      5559,
      13964,
      3660,
      14239,
      15734,
      14935,
      9383,
      5928,
      4753,
      6681,
      1763,
      100,
      13925,
      2045,
      1140
    ],
    "top_feature_values": [
      0.1534423828125,
      0.1531982421875,
      0.15234375,
      0.134033203125,
      0.11920166015625,
      0.11846923828125,
      0.11138916015625,
      0.111328125,
      0.1112060546875,
      0.1112060546875,
      0.1112060546875,
      0.1112060546875,
      0.1112060546875,
      0.1104736328125,
      0.1082763671875,
      0.108154296875,
      0.1072998046875,
      0.1072998046875,
      0.10699462890625,
      0.10693359375
    ]
  },
  "layer_11": {
    "top_feature_indices": [
      6266,
      5275,
      9199,
      10689,
      16090,
      11308,
      3042,
      15945,
      9545,
      14163,
      9695,
      8833,
      2274,
      1076,
      1624,
      12529,
      13274,
      3914,
      14059,
      3925
    ],
    "top_feature_values": [
      0.173095703125,
      0.153076171875,
      0.1507568359375,
      0.14990234375,
      0.142333984375,
      0.1402587890625,
      0.1395263671875,
      0.1363525390625,
      0.13623046875,
      0.1357421875,
      0.134033203125,
      0.1339111328125,
      0.13330078125,
      0.126220703125,
      0.1260986328125,
      0.1260986328125,
      0.1260986328125,
      0.12353515625,
      0.122802734375,
      0.122802734375
    ]
  },
  "layer_12": {
    "top_feature_indices": [
      7426,
      14070,
      11837,
      11933,
      9543,
      10560,
      14065,
      1404,
      6875,
      7424,
      1480,
      10907,
      14870,
      4792,
      4240,
      9326,
      14254,
      14142,
      1389,
      13710
    ],
    "top_feature_values": [
      0.1619873046875,
      0.1529541015625,
      0.1529541015625,
      0.150634765625,
      0.150146484375,
      0.14990234375,
      0.1402587890625,
      0.1395263671875,
      0.1357421875,
      0.1356201171875,
      0.1356201171875,
      0.1339111328125,
      0.1337890625,
      0.13330078125,
      0.13330078125,
      0.126220703125,
      0.1260986328125,
      0.1260986328125,
      0.1260986328125,
      0.1260986328125
    ]
  },
  "metadata": {
    "num_examples_processed": 251,
    "layers_analyzed": [
      6,
      7,
      8,
      9,
      10,
      11,
      12
    ],
    "timestamp": "2025-02-28 10:20:20"
  }
}