{
  "layer_6": {
    "top_feature_indices": [
      15376,
      2327,
      2137,
      966,
      2393,
      3558,
      547,
      10272,
      10601,
      11817,
      9318,
      12290,
      4114,
      13810,
      15278,
      3232,
      4664,
      7065,
      9369,
      3978
    ],
    "top_feature_values": [
      0.06915283203125,
      0.05364990234375,
      0.047576904296875,
      0.0469970703125,
      0.0467529296875,
      0.04632568359375,
      0.044281005859375,
      0.03704833984375,
      0.035614013671875,
      0.035491943359375,
      0.03485107421875,
      0.034698486328125,
      0.03369140625,
      0.03350830078125,
      0.033477783203125,
      0.0330810546875,
      0.0322265625,
      0.03204345703125,
      0.031890869140625,
      0.031890869140625
    ]
  },
  "layer_7": {
    "top_feature_indices": [
      10311,
      6742,
      2024,
      5820,
      7562,
      13185,
      15890,
      70,
      3480,
      10430,
      13258,
      3757,
      11344,
      12954,
      2348,
      15614,
      641,
      7207,
      15552,
      4366
    ],
    "top_feature_values": [
      0.051910400390625,
      0.047576904296875,
      0.042694091796875,
      0.041259765625,
      0.04107666015625,
      0.039520263671875,
      0.03936767578125,
      0.039337158203125,
      0.036224365234375,
      0.035614013671875,
      0.035491943359375,
      0.035430908203125,
      0.035430908203125,
      0.034637451171875,
      0.03460693359375,
      0.0345458984375,
      0.034393310546875,
      0.03436279296875,
      0.033721923828125,
      0.03369140625
    ]
  },
  "layer_8": {
    "top_feature_indices": [
      2154,
      9441,
      1053,
      13423,
      10898,
      14747,
      13530,
      10985,
      5370,
      12958,
      264,
      12667,
      5498,
      2054,
      15244,
      7293,
      5132,
      4472,
      1365,
      7111
    ],
    "top_feature_values": [
      0.0428466796875,
      0.031890869140625,
      0.030609130859375,
      0.0305938720703125,
      0.0305938720703125,
      0.029998779296875,
      0.02972412109375,
      0.0296478271484375,
      0.0293426513671875,
      0.02874755859375,
      0.0286712646484375,
      0.0285186767578125,
      0.028167724609375,
      0.0281524658203125,
      0.02752685546875,
      0.0275115966796875,
      0.0272064208984375,
      0.027191162109375,
      0.027099609375,
      0.02691650390625
    ]
  },
  "layer_9": {
    "top_feature_indices": [
      9924,
      6930,
      12640,
      13965,
      9151,
      8555,
      1328,
      11560,
      9266,
      1649,
      12138,
      350,
      1960,
      4123,
      13385,
      6661,
      11433,
      11836,
      10086,
      2576
    ],
    "top_feature_values": [
      0.033477783203125,
      0.0294036865234375,
      0.0285186767578125,
      0.02850341796875,
      0.0281524658203125,
      0.0274658203125,
      0.0272674560546875,
      0.0271759033203125,
      0.02716064453125,
      0.02716064453125,
      0.0268402099609375,
      0.0262908935546875,
      0.0262298583984375,
      0.02587890625,
      0.0258636474609375,
      0.025604248046875,
      0.02508544921875,
      0.0247955322265625,
      0.024688720703125,
      0.0243377685546875
    ]
  },
  "layer_10": {
    "top_feature_indices": [
      4375,
      7547,
      10828,
      12733,
      3589,
      5559,
      13964,
      3660,
      15734,
      9383,
      5928,
      14935,
      14239,
      4753,
      6681,
      1763,
      100,
      13925,
      2045,
      1140
    ],
    "top_feature_values": [
      0.049652099609375,
      0.0494384765625,
      0.04864501953125,
      0.04290771484375,
      0.037841796875,
      0.037139892578125,
      0.03704833984375,
      0.037017822265625,
      0.036865234375,
      0.036865234375,
      0.036865234375,
      0.036834716796875,
      0.036834716796875,
      0.03607177734375,
      0.035614013671875,
      0.035491943359375,
      0.034637451171875,
      0.034637451171875,
      0.034393310546875,
      0.034332275390625
    ]
  },
  "layer_11": {
    "top_feature_indices": [
      6266,
      5275,
      9199,
      10689,
      16090,
      11308,
      3042,
      15945,
      9545,
      14163,
      9695,
      8833,
      2274,
      1076,
      1624,
      12529,
      13274,
      3914,
      14059,
      3925
    ],
    "top_feature_values": [
      0.054901123046875,
      0.049407958984375,
      0.047760009765625,
      0.0469970703125,
      0.04632568359375,
      0.045318603515625,
      0.044677734375,
      0.04443359375,
      0.0443115234375,
      0.043670654296875,
      0.04290771484375,
      0.0428466796875,
      0.042236328125,
      0.041961669921875,
      0.041839599609375,
      0.041839599609375,
      0.04180908203125,
      0.040496826171875,
      0.039794921875,
      0.039794921875
    ]
  },
  "layer_12": {
    "top_feature_indices": [
      7426,
      14070,
      11837,
      11933,
      9543,
      10560,
      14065,
      1404,
      6875,
      7424,
      1480,
      10907,
      14870,
      4240,
      4792,
      9326,
      14254,
      14142,
      1389,
      13710
    ],
    "top_feature_values": [
      0.05206298828125,
      0.049285888671875,
      0.04925537109375,
      0.0477294921875,
      0.04718017578125,
      0.0469970703125,
      0.045318603515625,
      0.044708251953125,
      0.04376220703125,
      0.043609619140625,
      0.0435791015625,
      0.0428466796875,
      0.042694091796875,
      0.042236328125,
      0.042083740234375,
      0.0419921875,
      0.041839599609375,
      0.041839599609375,
      0.041839599609375,
      0.041839599609375
    ]
  },
  "metadata": {
    "num_examples_processed": 81,
    "layers_analyzed": [
      6,
      7,
      8,
      9,
      10,
      11,
      12
    ],
    "timestamp": "2025-02-28 10:19:56"
  }
}