{
  "layer_6": {
    "top_feature_indices": [
      15376,
      2327,
      2137,
      966,
      2393,
      3558,
      547,
      10272,
      10601,
      11817,
      9318,
      12290,
      4114,
      13810,
      15278,
      3232,
      4664,
      7065,
      9369,
      3978
    ],
    "top_feature_values": [
      0.10333251953125,
      0.08050537109375,
      0.07122802734375,
      0.07061767578125,
      0.069580078125,
      0.06915283203125,
      0.06622314453125,
      0.05535888671875,
      0.052703857421875,
      0.052581787109375,
      0.05194091796875,
      0.051788330078125,
      0.05078125,
      0.05059814453125,
      0.050567626953125,
      0.0489501953125,
      0.048095703125,
      0.04791259765625,
      0.047760009765625,
      0.047760009765625
    ]
  },
  "layer_7": {
    "top_feature_indices": [
      10311,
      6742,
      2024,
      5820,
      7562,
      13185,
      15890,
      70,
      3480,
      10430,
      13258,
      3757,
      11344,
      12954,
      2348,
      15614,
      641,
      7207,
      15552,
      4366
    ],
    "top_feature_values": [
      0.076904296875,
      0.07122802734375,
      0.0634765625,
      0.06201171875,
      0.06182861328125,
      0.059051513671875,
      0.05889892578125,
      0.058868408203125,
      0.054534912109375,
      0.052703857421875,
      0.052581787109375,
      0.052520751953125,
      0.052520751953125,
      0.051727294921875,
      0.05169677734375,
      0.0516357421875,
      0.051483154296875,
      0.05145263671875,
      0.050811767578125,
      0.05078125
    ]
  },
  "layer_8": {
    "top_feature_indices": [
      2154,
      9441,
      1053,
      13423,
      10898,
      14747,
      13530,
      10985,
      5370,
      12958,
      264,
      12667,
      2054,
      5498,
      15244,
      7293,
      5132,
      4472,
      1365,
      7111
    ],
    "top_feature_values": [
      0.06365966796875,
      0.047760009765625,
      0.0452880859375,
      0.045257568359375,
      0.045257568359375,
      0.044647216796875,
      0.04437255859375,
      0.044281005859375,
      0.043975830078125,
      0.04327392578125,
      0.043212890625,
      0.043060302734375,
      0.041717529296875,
      0.041717529296875,
      0.04095458984375,
      0.04095458984375,
      0.0406494140625,
      0.040618896484375,
      0.04052734375,
      0.04034423828125
    ]
  },
  "layer_9": {
    "top_feature_indices": [
      9924,
      6930,
      12640,
      13965,
      9151,
      8555,
      1328,
      1649,
      9266,
      11560,
      12138,
      350,
      1960,
      4123,
      13385,
      6661,
      11433,
      11836,
      10086,
      2576
    ],
    "top_feature_values": [
      0.050567626953125,
      0.044036865234375,
      0.043060302734375,
      0.04302978515625,
      0.041717529296875,
      0.0408935546875,
      0.04071044921875,
      0.04058837890625,
      0.04058837890625,
      0.04058837890625,
      0.040252685546875,
      0.03948974609375,
      0.0394287109375,
      0.038330078125,
      0.038330078125,
      0.0380859375,
      0.03729248046875,
      0.037017822265625,
      0.036895751953125,
      0.036529541015625
    ]
  },
  "layer_10": {
    "top_feature_indices": [
      4375,
      7547,
      10828,
      12733,
      3589,
      5559,
      13964,
      3660,
      15734,
      9383,
      5928,
      14935,
      14239,
      4753,
      6681,
      1763,
      100,
      13925,
      2045,
      1140
    ],
    "top_feature_values": [
      0.0740966796875,
      0.0738525390625,
      0.07305908203125,
      0.063720703125,
      0.05615234375,
      0.055450439453125,
      0.05535888671875,
      0.055328369140625,
      0.05517578125,
      0.05517578125,
      0.05517578125,
      0.055145263671875,
      0.055145263671875,
      0.05438232421875,
      0.052703857421875,
      0.052581787109375,
      0.051727294921875,
      0.051727294921875,
      0.051483154296875,
      0.051422119140625
    ]
  },
  "layer_11": {
    "top_feature_indices": [
      6266,
      5275,
      9199,
      10689,
      16090,
      11308,
      3042,
      15945,
      9545,
      14163,
      9695,
      8833,
      2274,
      1076,
      1624,
      12529,
      13274,
      3914,
      14059,
      3925
    ],
    "top_feature_values": [
      0.081787109375,
      0.07379150390625,
      0.0714111328125,
      0.07061767578125,
      0.06915283203125,
      0.06732177734375,
      0.066650390625,
      0.06640625,
      0.0662841796875,
      0.06561279296875,
      0.063720703125,
      0.06365966796875,
      0.06298828125,
      0.06268310546875,
      0.06256103515625,
      0.06256103515625,
      0.06256103515625,
      0.060028076171875,
      0.059326171875,
      0.059326171875
    ]
  },
  "layer_12": {
    "top_feature_indices": [
      7426,
      14070,
      11837,
      11933,
      9543,
      10560,
      14065,
      1404,
      6875,
      7424,
      1480,
      10907,
      14870,
      4240,
      4792,
      9326,
      14254,
      14142,
      1389,
      13710
    ],
    "top_feature_values": [
      0.07843017578125,
      0.07366943359375,
      0.07366943359375,
      0.07135009765625,
      0.07080078125,
      0.07061767578125,
      0.06732177734375,
      0.06671142578125,
      0.06573486328125,
      0.0655517578125,
      0.0655517578125,
      0.06365966796875,
      0.0634765625,
      0.06298828125,
      0.0628662109375,
      0.062744140625,
      0.06256103515625,
      0.06256103515625,
      0.06256103515625,
      0.06256103515625
    ]
  },
  "metadata": {
    "num_examples_processed": 121,
    "layers_analyzed": [
      6,
      7,
      8,
      9,
      10,
      11,
      12
    ],
    "timestamp": "2025-02-28 10:20:02"
  }
}