{
  "layer_6": {
    "top_feature_indices": [
      15376,
      2327,
      2137,
      966,
      2393,
      3558,
      547,
      10272,
      10601,
      11817,
      9318,
      12290,
      4114,
      13810,
      15278,
      3232,
      4664,
      7065,
      9369,
      3978
    ],
    "top_feature_values": [
      0.09478759765625,
      0.07379150390625,
      0.06512451171875,
      0.06451416015625,
      0.0640869140625,
      0.06365966796875,
      0.060760498046875,
      0.05078125,
      0.048431396484375,
      0.048309326171875,
      0.04766845703125,
      0.047515869140625,
      0.0465087890625,
      0.04632568359375,
      0.046295166015625,
      0.04498291015625,
      0.04412841796875,
      0.0439453125,
      0.043792724609375,
      0.043792724609375
    ]
  },
  "layer_7": {
    "top_feature_indices": [
      10311,
      6742,
      2024,
      5820,
      7562,
      13185,
      15890,
      70,
      3480,
      10430,
      13258,
      3757,
      11344,
      12954,
      2348,
      15614,
      641,
      7207,
      15552,
      4366
    ],
    "top_feature_values": [
      0.07080078125,
      0.06512451171875,
      0.058258056640625,
      0.05682373046875,
      0.056640625,
      0.054168701171875,
      0.05401611328125,
      0.053985595703125,
      0.049957275390625,
      0.048431396484375,
      0.048309326171875,
      0.048248291015625,
      0.048248291015625,
      0.047454833984375,
      0.04742431640625,
      0.04736328125,
      0.047210693359375,
      0.04718017578125,
      0.046539306640625,
      0.0465087890625
    ]
  },
  "layer_8": {
    "top_feature_indices": [
      2154,
      9441,
      1053,
      13423,
      10898,
      14747,
      13530,
      10985,
      5370,
      12958,
      264,
      12667,
      2054,
      5498,
      15244,
      7293,
      5132,
      4472,
      1365,
      7111
    ],
    "top_feature_values": [
      0.05841064453125,
      0.043792724609375,
      0.0416259765625,
      0.041595458984375,
      0.041595458984375,
      0.040985107421875,
      0.04071044921875,
      0.040618896484375,
      0.040313720703125,
      0.03961181640625,
      0.03955078125,
      0.039398193359375,
      0.038360595703125,
      0.038360595703125,
      0.03759765625,
      0.03759765625,
      0.03729248046875,
      0.037261962890625,
      0.03717041015625,
      0.0369873046875
    ]
  },
  "layer_9": {
    "top_feature_indices": [
      9924,
      6930,
      12640,
      13965,
      9151,
      8555,
      1328,
      1649,
      9266,
      11560,
      12138,
      350,
      1960,
      4123,
      13385,
      6661,
      11433,
      11836,
      10086,
      2576
    ],
    "top_feature_values": [
      0.046295166015625,
      0.040374755859375,
      0.039398193359375,
      0.03936767578125,
      0.038360595703125,
      0.03753662109375,
      0.037353515625,
      0.0372314453125,
      0.0372314453125,
      0.0372314453125,
      0.036895751953125,
      0.0361328125,
      0.03607177734375,
      0.0352783203125,
      0.0352783203125,
      0.0350341796875,
      0.03424072265625,
      0.033966064453125,
      0.033843994140625,
      0.033477783203125
    ]
  },
  "layer_10": {
    "top_feature_indices": [
      4375,
      7547,
      10828,
      12733,
      3589,
      5559,
      13964,
      3660,
      15734,
      9383,
      5928,
      14935,
      14239,
      4753,
      6681,
      1763,
      100,
      13925,
      2045,
      1140
    ],
    "top_feature_values": [
      0.0679931640625,
      0.0677490234375,
      0.06695556640625,
      0.0584716796875,
      0.05157470703125,
      0.050872802734375,
      0.05078125,
      0.050750732421875,
      0.05059814453125,
      0.05059814453125,
      0.05059814453125,
      0.050567626953125,
      0.050567626953125,
      0.0498046875,
      0.048431396484375,
      0.048309326171875,
      0.047454833984375,
      0.047454833984375,
      0.047210693359375,
      0.047149658203125
    ]
  },
  "layer_11": {
    "top_feature_indices": [
      6266,
      5275,
      9199,
      10689,
      16090,
      11308,
      3042,
      15945,
      9545,
      14163,
      9695,
      8833,
      2274,
      1076,
      1624,
      12529,
      13274,
      3914,
      14059,
      3925
    ],
    "top_feature_values": [
      0.0750732421875,
      0.06768798828125,
      0.0653076171875,
      0.06451416015625,
      0.06365966796875,
      0.061798095703125,
      0.0611572265625,
      0.0609130859375,
      0.060791015625,
      0.060150146484375,
      0.0584716796875,
      0.05841064453125,
      0.05780029296875,
      0.057525634765625,
      0.057403564453125,
      0.057403564453125,
      0.057373046875,
      0.055145263671875,
      0.054443359375,
      0.054443359375
    ]
  },
  "layer_12": {
    "top_feature_indices": [
      7426,
      14070,
      11837,
      11933,
      9543,
      10560,
      14065,
      1404,
      6875,
      7424,
      1480,
      10907,
      14870,
      4240,
      4792,
      9326,
      14254,
      14142,
      1389,
      13710
    ],
    "top_feature_values": [
      0.07171630859375,
      0.06756591796875,
      0.06756591796875,
      0.06524658203125,
      0.064697265625,
      0.06451416015625,
      0.061798095703125,
      0.061187744140625,
      0.06024169921875,
      0.060089111328125,
      0.06005859375,
      0.05841064453125,
      0.058258056640625,
      0.05780029296875,
      0.057647705078125,
      0.05755615234375,
      0.057403564453125,
      0.057403564453125,
      0.057403564453125,
      0.057403564453125
    ]
  },
  "metadata": {
    "num_examples_processed": 111,
    "layers_analyzed": [
      6,
      7,
      8,
      9,
      10,
      11,
      12
    ],
    "timestamp": "2025-02-28 10:20:00"
  }
}