{
  "layer_6": {
    "top_feature_indices": [
      15376,
      2327,
      2137,
      966,
      2393,
      3558,
      547,
      10272,
      10601,
      11817,
      9318,
      12290,
      4114,
      13810,
      15278,
      3232,
      4664,
      7065,
      9369,
      3978
    ],
    "top_feature_values": [
      0.2314453125,
      0.1761474609375,
      0.1627197265625,
      0.162109375,
      0.155029296875,
      0.154541015625,
      0.14599609375,
      0.11993408203125,
      0.1168212890625,
      0.11669921875,
      0.11602783203125,
      0.11590576171875,
      0.1148681640625,
      0.11468505859375,
      0.1146240234375,
      0.11199951171875,
      0.111083984375,
      0.10394287109375,
      0.10382080078125,
      0.10382080078125
    ]
  },
  "layer_7": {
    "top_feature_indices": [
      10311,
      6742,
      2024,
      5820,
      7562,
      13185,
      15890,
      70,
      3480,
      10430,
      13258,
      3757,
      11344,
      12954,
      2348,
      15614,
      7207,
      641,
      15115,
      4366
    ],
    "top_feature_values": [
      0.16845703125,
      0.1627197265625,
      0.1435546875,
      0.13525390625,
      0.1351318359375,
      0.1322021484375,
      0.132080078125,
      0.132080078125,
      0.119140625,
      0.1168212890625,
      0.11669921875,
      0.11663818359375,
      0.11663818359375,
      0.1158447265625,
      0.11578369140625,
      0.11572265625,
      0.11553955078125,
      0.11553955078125,
      0.1148681640625,
      0.1148681640625
    ]
  },
  "layer_8": {
    "top_feature_indices": [
      2154,
      9441,
      13423,
      10898,
      1053,
      14747,
      13530,
      10985,
      5370,
      12958,
      264,
      12667,
      2054,
      5498,
      15244,
      7293,
      5132,
      4472,
      1365,
      7111
    ],
    "top_feature_values": [
      0.1436767578125,
      0.10382080078125,
      0.1002197265625,
      0.1002197265625,
      0.1002197265625,
      0.099609375,
      0.09930419921875,
      0.09918212890625,
      0.098876953125,
      0.09820556640625,
      0.09814453125,
      0.09796142578125,
      0.09478759765625,
      0.09478759765625,
      0.09393310546875,
      0.09393310546875,
      0.09356689453125,
      0.093505859375,
      0.08831787109375,
      0.088134765625
    ]
  },
  "layer_9": {
    "top_feature_indices": [
      9924,
      6930,
      13965,
      12640,
      9151,
      8555,
      1328,
      1649,
      9266,
      11560,
      12138,
      350,
      1960,
      4123,
      13385,
      6661,
      11433,
      11836,
      10086,
      2576
    ],
    "top_feature_values": [
      0.1146240234375,
      0.09893798828125,
      0.09796142578125,
      0.09796142578125,
      0.09478759765625,
      0.0938720703125,
      0.09368896484375,
      0.08837890625,
      0.08837890625,
      0.08837890625,
      0.08807373046875,
      0.08734130859375,
      0.0872802734375,
      0.0841064453125,
      0.0841064453125,
      0.0838623046875,
      0.08306884765625,
      0.08282470703125,
      0.0826416015625,
      0.082275390625
    ]
  },
  "layer_10": {
    "top_feature_indices": [
      4375,
      7547,
      10828,
      12733,
      3589,
      5559,
      13964,
      3660,
      14239,
      15734,
      14935,
      9383,
      5928,
      4753,
      6681,
      1763,
      100,
      13925,
      2045,
      1140
    ],
    "top_feature_values": [
      0.1656494140625,
      0.1654052734375,
      0.16455078125,
      0.143798828125,
      0.12890625,
      0.128173828125,
      0.11993408203125,
      0.119873046875,
      0.1197509765625,
      0.1197509765625,
      0.1197509765625,
      0.1197509765625,
      0.1197509765625,
      0.1190185546875,
      0.1168212890625,
      0.11669921875,
      0.1158447265625,
      0.1158447265625,
      0.11553955078125,
      0.115478515625
    ]
  },
  "layer_11": {
    "top_feature_indices": [
      6266,
      5275,
      9199,
      10689,
      16090,
      11308,
      3042,
      15945,
      9545,
      14163,
      9695,
      8833,
      2274,
      1076,
      1624,
      12529,
      13274,
      3914,
      3925,
      1575
    ],
    "top_feature_values": [
      0.187744140625,
      0.165283203125,
      0.1629638671875,
      0.162109375,
      0.154541015625,
      0.1524658203125,
      0.1517333984375,
      0.1461181640625,
      0.14599609375,
      0.1455078125,
      0.143798828125,
      0.1436767578125,
      0.14306640625,
      0.135986328125,
      0.1358642578125,
      0.1358642578125,
      0.1358642578125,
      0.13330078125,
      0.132568359375,
      0.132568359375
    ]
  },
  "layer_12": {
    "top_feature_indices": [
      7426,
      14070,
      11837,
      11933,
      9543,
      10560,
      14065,
      1404,
      6875,
      7424,
      1480,
      10907,
      14870,
      4792,
      4240,
      9326,
      14254,
      14142,
      1389,
      13710
    ],
    "top_feature_values": [
      0.1741943359375,
      0.1651611328125,
      0.1651611328125,
      0.162841796875,
      0.162353515625,
      0.162109375,
      0.1524658203125,
      0.1517333984375,
      0.1455078125,
      0.1453857421875,
      0.1453857421875,
      0.1436767578125,
      0.1435546875,
      0.14306640625,
      0.14306640625,
      0.135986328125,
      0.1358642578125,
      0.1358642578125,
      0.1358642578125,
      0.1358642578125
    ]
  },
  "metadata": {
    "num_examples_processed": 271,
    "layers_analyzed": [
      6,
      7,
      8,
      9,
      10,
      11,
      12
    ],
    "timestamp": "2025-02-28 10:20:23"
  }
}