{
  "layer_6": {
    "top_feature_indices": [
      15376,
      2327,
      2137,
      966,
      2393,
      3558,
      547,
      10272,
      10601,
      11817,
      9318,
      12290,
      4114,
      13810,
      15278,
      3232,
      4664,
      7065,
      9369,
      3978
    ],
    "top_feature_values": [
      0.11187744140625,
      0.08721923828125,
      0.07733154296875,
      0.07672119140625,
      0.0750732421875,
      0.07464599609375,
      0.07171630859375,
      0.0599365234375,
      0.056976318359375,
      0.056854248046875,
      0.05621337890625,
      0.056060791015625,
      0.0550537109375,
      0.05487060546875,
      0.054840087890625,
      0.05291748046875,
      0.05206298828125,
      0.0518798828125,
      0.051727294921875,
      0.051727294921875
    ]
  },
  "layer_7": {
    "top_feature_indices": [
      10311,
      6742,
      2024,
      5820,
      7562,
      13185,
      15890,
      70,
      3480,
      10430,
      13258,
      3757,
      11344,
      12954,
      2348,
      15614,
      641,
      7207,
      15552,
      4366
    ],
    "top_feature_values": [
      0.0830078125,
      0.07733154296875,
      0.0689697265625,
      0.06689453125,
      0.0667724609375,
      0.06390380859375,
      0.06378173828125,
      0.063720703125,
      0.059112548828125,
      0.056976318359375,
      0.056854248046875,
      0.056793212890625,
      0.056793212890625,
      0.055999755859375,
      0.05596923828125,
      0.055908203125,
      0.055755615234375,
      0.05572509765625,
      0.055084228515625,
      0.0550537109375
    ]
  },
  "layer_8": {
    "top_feature_indices": [
      2154,
      9441,
      1053,
      13423,
      10898,
      14747,
      13530,
      10985,
      5370,
      12958,
      264,
      12667,
      2054,
      5498,
      15244,
      7293,
      5132,
      4472,
      1365,
      7111
    ],
    "top_feature_values": [
      0.06915283203125,
      0.051727294921875,
      0.0489501953125,
      0.048919677734375,
      0.048919677734375,
      0.048309326171875,
      0.04803466796875,
      0.047943115234375,
      0.047637939453125,
      0.04693603515625,
      0.046875,
      0.046722412109375,
      0.045074462890625,
      0.045074462890625,
      0.0443115234375,
      0.0443115234375,
      0.04400634765625,
      0.043975830078125,
      0.04388427734375,
      0.043701171875
    ]
  },
  "layer_9": {
    "top_feature_indices": [
      9924,
      6930,
      12640,
      13965,
      9151,
      8555,
      1328,
      1649,
      9266,
      11560,
      12138,
      350,
      1960,
      4123,
      13385,
      6661,
      11433,
      11836,
      10086,
      2576
    ],
    "top_feature_values": [
      0.054840087890625,
      0.047698974609375,
      0.046722412109375,
      0.04669189453125,
      0.045074462890625,
      0.04425048828125,
      0.0440673828125,
      0.0439453125,
      0.0439453125,
      0.0439453125,
      0.043609619140625,
      0.0428466796875,
      0.04278564453125,
      0.0413818359375,
      0.0413818359375,
      0.0411376953125,
      0.04034423828125,
      0.040069580078125,
      0.039947509765625,
      0.039581298828125
    ]
  },
  "layer_10": {
    "top_feature_indices": [
      4375,
      7547,
      10828,
      12733,
      3589,
      5559,
      13964,
      3660,
      15734,
      9383,
      5928,
      14935,
      14239,
      4753,
      6681,
      1763,
      100,
      13925,
      2045,
      1140
    ],
    "top_feature_values": [
      0.0802001953125,
      0.0799560546875,
      0.07916259765625,
      0.0692138671875,
      0.06072998046875,
      0.060028076171875,
      0.0599365234375,
      0.059906005859375,
      0.05975341796875,
      0.05975341796875,
      0.05975341796875,
      0.059722900390625,
      0.059722900390625,
      0.0589599609375,
      0.056976318359375,
      0.056854248046875,
      0.055999755859375,
      0.055999755859375,
      0.055755615234375,
      0.055694580078125
    ]
  },
  "layer_11": {
    "top_feature_indices": [
      6266,
      5275,
      9199,
      10689,
      16090,
      11308,
      3042,
      15945,
      9545,
      14163,
      9695,
      8833,
      2274,
      1076,
      1624,
      12529,
      13274,
      3914,
      14059,
      3925
    ],
    "top_feature_values": [
      0.0885009765625,
      0.07989501953125,
      0.0775146484375,
      0.07672119140625,
      0.07464599609375,
      0.07281494140625,
      0.0721435546875,
      0.0718994140625,
      0.07177734375,
      0.07110595703125,
      0.0692138671875,
      0.06915283203125,
      0.0684814453125,
      0.06756591796875,
      0.06744384765625,
      0.06744384765625,
      0.06744384765625,
      0.06494140625,
      0.064208984375,
      0.064208984375
    ]
  },
  "layer_12": {
    "top_feature_indices": [
      7426,
      14070,
      11837,
      11933,
      9543,
      10560,
      14065,
      1404,
      6875,
      7424,
      1480,
      10907,
      14870,
      4240,
      4792,
      9326,
      14254,
      14142,
      1389,
      13710
    ],
    "top_feature_values": [
      0.08514404296875,
      0.07977294921875,
      0.07977294921875,
      0.07745361328125,
      0.076904296875,
      0.07672119140625,
      0.07281494140625,
      0.07220458984375,
      0.07122802734375,
      0.071044921875,
      0.071044921875,
      0.06915283203125,
      0.0689697265625,
      0.0684814453125,
      0.068359375,
      0.067626953125,
      0.06744384765625,
      0.06744384765625,
      0.06744384765625,
      0.06744384765625
    ]
  },
  "metadata": {
    "num_examples_processed": 131,
    "layers_analyzed": [
      6,
      7,
      8,
      9,
      10,
      11,
      12
    ],
    "timestamp": "2025-02-28 10:20:03"
  }
}