{
  "layer_6": {
    "top_feature_indices": [
      15376,
      2327,
      2137,
      966,
      2393,
      3558,
      547,
      10272,
      10601,
      11817,
      9318,
      12290,
      4114,
      13810,
      15278,
      3232,
      4664,
      7065,
      9369,
      3978
    ],
    "top_feature_values": [
      0.08624267578125,
      0.06707763671875,
      0.059173583984375,
      0.05859375,
      0.058349609375,
      0.05792236328125,
      0.055267333984375,
      0.04620361328125,
      0.044158935546875,
      0.044036865234375,
      0.04339599609375,
      0.043243408203125,
      0.042236328125,
      0.04205322265625,
      0.042022705078125,
      0.041015625,
      0.0401611328125,
      0.03997802734375,
      0.039825439453125,
      0.039825439453125
    ]
  },
  "layer_7": {
    "top_feature_indices": [
      10311,
      6742,
      2024,
      5820,
      7562,
      13185,
      15890,
      70,
      3480,
      10430,
      13258,
      3757,
      11344,
      12954,
      2348,
      15614,
      641,
      7207,
      15552,
      4366
    ],
    "top_feature_values": [
      0.064697265625,
      0.059173583984375,
      0.053070068359375,
      0.0516357421875,
      0.05145263671875,
      0.049285888671875,
      0.04913330078125,
      0.049102783203125,
      0.045379638671875,
      0.044158935546875,
      0.044036865234375,
      0.043975830078125,
      0.043975830078125,
      0.043182373046875,
      0.04315185546875,
      0.0430908203125,
      0.042938232421875,
      0.04290771484375,
      0.042266845703125,
      0.042236328125
    ]
  },
  "layer_8": {
    "top_feature_indices": [
      2154,
      9441,
      1053,
      13423,
      10898,
      14747,
      13530,
      10985,
      5370,
      12958,
      264,
      12667,
      2054,
      5498,
      15244,
      7293,
      5132,
      4472,
      1365,
      7111
    ],
    "top_feature_values": [
      0.05322265625,
      0.039825439453125,
      0.0379638671875,
      0.037933349609375,
      0.037933349609375,
      0.037322998046875,
      0.03704833984375,
      0.036956787109375,
      0.036651611328125,
      0.03594970703125,
      0.035888671875,
      0.035736083984375,
      0.035003662109375,
      0.035003662109375,
      0.03424072265625,
      0.03424072265625,
      0.033935546875,
      0.033905029296875,
      0.0338134765625,
      0.03363037109375
    ]
  },
  "layer_9": {
    "top_feature_indices": [
      9924,
      6930,
      12640,
      13965,
      9151,
      8555,
      1328,
      1649,
      9266,
      11560,
      12138,
      350,
      1960,
      4123,
      13385,
      6661,
      11433,
      11836,
      10086,
      2576
    ],
    "top_feature_values": [
      0.042022705078125,
      0.036712646484375,
      0.035736083984375,
      0.03570556640625,
      0.035003662109375,
      0.0341796875,
      0.03399658203125,
      0.03387451171875,
      0.03387451171875,
      0.03387451171875,
      0.033538818359375,
      0.03277587890625,
      0.03271484375,
      0.0322265625,
      0.0322265625,
      0.031982421875,
      0.03118896484375,
      0.0308990478515625,
      0.030792236328125,
      0.0304412841796875
    ]
  },
  "layer_10": {
    "top_feature_indices": [
      4375,
      7547,
      10828,
      12733,
      3589,
      5559,
      13964,
      3660,
      15734,
      9383,
      5928,
      14935,
      14239,
      4753,
      6681,
      1763,
      100,
      13925,
      2045,
      1140
    ],
    "top_feature_values": [
      0.061859130859375,
      0.0616455078125,
      0.06085205078125,
      0.05328369140625,
      0.0469970703125,
      0.046295166015625,
      0.04620361328125,
      0.046173095703125,
      0.0460205078125,
      0.0460205078125,
      0.0460205078125,
      0.045989990234375,
      0.045989990234375,
      0.04522705078125,
      0.044158935546875,
      0.044036865234375,
      0.043182373046875,
      0.043182373046875,
      0.042938232421875,
      0.042877197265625
    ]
  },
  "layer_11": {
    "top_feature_indices": [
      6266,
      5275,
      9199,
      10689,
      16090,
      11308,
      3042,
      15945,
      9545,
      14163,
      9695,
      8833,
      2274,
      1076,
      1624,
      12529,
      13274,
      3914,
      14059,
      3925
    ],
    "top_feature_values": [
      0.068359375,
      0.061614990234375,
      0.059356689453125,
      0.05859375,
      0.05792236328125,
      0.056304931640625,
      0.0556640625,
      0.055419921875,
      0.0552978515625,
      0.054656982421875,
      0.05328369140625,
      0.05322265625,
      0.0526123046875,
      0.052337646484375,
      0.052215576171875,
      0.052215576171875,
      0.05218505859375,
      0.050262451171875,
      0.049560546875,
      0.049560546875
    ]
  },
  "layer_12": {
    "top_feature_indices": [
      7426,
      14070,
      11837,
      11933,
      9543,
      10560,
      14065,
      1404,
      6875,
      7424,
      1480,
      10907,
      14870,
      4240,
      4792,
      9326,
      14254,
      14142,
      1389,
      13710
    ],
    "top_feature_values": [
      0.06500244140625,
      0.061492919921875,
      0.06146240234375,
      0.059326171875,
      0.05877685546875,
      0.05859375,
      0.056304931640625,
      0.055694580078125,
      0.05474853515625,
      0.054595947265625,
      0.0545654296875,
      0.05322265625,
      0.053070068359375,
      0.0526123046875,
      0.052459716796875,
      0.0523681640625,
      0.052215576171875,
      0.052215576171875,
      0.052215576171875,
      0.052215576171875
    ]
  },
  "metadata": {
    "num_examples_processed": 101,
    "layers_analyzed": [
      6,
      7,
      8,
      9,
      10,
      11,
      12
    ],
    "timestamp": "2025-02-28 10:19:59"
  }
}