{
  "layer_6": {
    "top_feature_indices": [
      15376,
      2327,
      2137,
      966,
      2393,
      3558,
      547,
      10272,
      10601,
      11817,
      9318,
      12290,
      4114,
      13810,
      15278,
      3232,
      4664,
      7065,
      9369,
      3978
    ],
    "top_feature_values": [
      0.137451171875,
      0.10736083984375,
      0.09564208984375,
      0.09503173828125,
      0.091552734375,
      0.09112548828125,
      0.08819580078125,
      0.07293701171875,
      0.06982421875,
      0.0697021484375,
      0.06903076171875,
      0.06890869140625,
      0.06787109375,
      0.06768798828125,
      0.067626953125,
      0.06500244140625,
      0.0640869140625,
      0.06365966796875,
      0.06353759765625,
      0.06353759765625
    ]
  },
  "layer_7": {
    "top_feature_indices": [
      10311,
      6742,
      2024,
      5820,
      7562,
      13185,
      15890,
      70,
      3480,
      10430,
      13258,
      3757,
      11344,
      12954,
      2348,
      15614,
      7207,
      641,
      15115,
      4366
    ],
    "top_feature_values": [
      0.101318359375,
      0.09564208984375,
      0.08544921875,
      0.08154296875,
      0.0814208984375,
      0.07855224609375,
      0.07843017578125,
      0.078369140625,
      0.0721435546875,
      0.06982421875,
      0.0697021484375,
      0.06964111328125,
      0.06964111328125,
      0.06884765625,
      0.06878662109375,
      0.0687255859375,
      0.06854248046875,
      0.06854248046875,
      0.06787109375,
      0.06787109375
    ]
  },
  "layer_8": {
    "top_feature_indices": [
      2154,
      9441,
      1053,
      13423,
      10898,
      14747,
      13530,
      10985,
      5370,
      12958,
      264,
      12667,
      2054,
      5498,
      15244,
      7293,
      5132,
      4472,
      1365,
      7111
    ],
    "top_feature_values": [
      0.08563232421875,
      0.06353759765625,
      0.0599365234375,
      0.059906005859375,
      0.059906005859375,
      0.059295654296875,
      0.05902099609375,
      0.058929443359375,
      0.058624267578125,
      0.05792236328125,
      0.057861328125,
      0.057708740234375,
      0.055145263671875,
      0.055145263671875,
      0.05438232421875,
      0.05438232421875,
      0.0540771484375,
      0.054046630859375,
      0.053955078125,
      0.05377197265625
    ]
  },
  "layer_9": {
    "top_feature_indices": [
      9924,
      6930,
      12640,
      13965,
      9151,
      8555,
      1328,
      1649,
      9266,
      11560,
      12138,
      350,
      1960,
      4123,
      13385,
      6661,
      11433,
      11836,
      10086,
      2576
    ],
    "top_feature_values": [
      0.067626953125,
      0.058685302734375,
      0.057708740234375,
      0.05767822265625,
      0.055145263671875,
      0.0543212890625,
      0.05413818359375,
      0.05401611328125,
      0.05401611328125,
      0.05401611328125,
      0.053680419921875,
      0.05291748046875,
      0.0528564453125,
      0.050537109375,
      0.050537109375,
      0.05029296875,
      0.04949951171875,
      0.049224853515625,
      0.049102783203125,
      0.048736572265625
    ]
  },
  "layer_10": {
    "top_feature_indices": [
      4375,
      7547,
      10828,
      12733,
      3589,
      5559,
      13964,
      3660,
      14239,
      15734,
      14935,
      9383,
      5928,
      4753,
      6681,
      1763,
      100,
      13925,
      2045,
      1140
    ],
    "top_feature_values": [
      0.0985107421875,
      0.0982666015625,
      0.09747314453125,
      0.085693359375,
      0.07525634765625,
      0.07452392578125,
      0.07293701171875,
      0.0728759765625,
      0.07275390625,
      0.07275390625,
      0.07275390625,
      0.07275390625,
      0.07275390625,
      0.072021484375,
      0.06982421875,
      0.0697021484375,
      0.06884765625,
      0.06884765625,
      0.06854248046875,
      0.0684814453125
    ]
  },
  "layer_11": {
    "top_feature_indices": [
      6266,
      5275,
      9199,
      10689,
      16090,
      11308,
      3042,
      15945,
      9545,
      14163,
      9695,
      8833,
      2274,
      1076,
      1624,
      12529,
      13274,
      3914,
      14059,
      3925
    ],
    "top_feature_values": [
      0.108642578125,
      0.09820556640625,
      0.0958251953125,
      0.09503173828125,
      0.09112548828125,
      0.08929443359375,
      0.088623046875,
      0.08837890625,
      0.0882568359375,
      0.08758544921875,
      0.085693359375,
      0.08563232421875,
      0.0849609375,
      0.08221435546875,
      0.08209228515625,
      0.08209228515625,
      0.08209228515625,
      0.07958984375,
      0.078857421875,
      0.078857421875
    ]
  },
  "layer_12": {
    "top_feature_indices": [
      7426,
      14070,
      11837,
      11933,
      9543,
      10560,
      14065,
      1404,
      6875,
      7424,
      1480,
      10907,
      14870,
      4240,
      4792,
      9326,
      14254,
      14142,
      1389,
      13710
    ],
    "top_feature_values": [
      0.10528564453125,
      0.09808349609375,
      0.09808349609375,
      0.09576416015625,
      0.09521484375,
      0.09503173828125,
      0.08929443359375,
      0.08868408203125,
      0.08770751953125,
      0.0875244140625,
      0.0875244140625,
      0.08563232421875,
      0.08544921875,
      0.0849609375,
      0.0848388671875,
      0.082275390625,
      0.08209228515625,
      0.08209228515625,
      0.08209228515625,
      0.08209228515625
    ]
  },
  "metadata": {
    "num_examples_processed": 161,
    "layers_analyzed": [
      6,
      7,
      8,
      9,
      10,
      11,
      12
    ],
    "timestamp": "2025-02-28 10:20:07"
  }
}