{
  "layer_6": {
    "top_feature_indices": [
      15376,
      2327,
      2137,
      966,
      2393,
      3558,
      547,
      10272,
      10601,
      11817,
      9318,
      12290,
      4114,
      13810,
      15278,
      3232,
      4664,
      7065,
      9369,
      3978
    ],
    "top_feature_values": [
      0.07769775390625,
      0.06036376953125,
      0.053375244140625,
      0.05279541015625,
      0.05255126953125,
      0.0521240234375,
      0.049774169921875,
      0.0416259765625,
      0.039886474609375,
      0.039764404296875,
      0.03912353515625,
      0.038970947265625,
      0.0379638671875,
      0.03778076171875,
      0.037750244140625,
      0.03704833984375,
      0.03619384765625,
      0.0360107421875,
      0.035858154296875,
      0.035858154296875
    ]
  },
  "layer_7": {
    "top_feature_indices": [
      10311,
      6742,
      2024,
      5820,
      7562,
      13185,
      15890,
      70,
      3480,
      10430,
      13258,
      3757,
      11344,
      12954,
      2348,
      15614,
      641,
      7207,
      15552,
      4366
    ],
    "top_feature_values": [
      0.058319091796875,
      0.053375244140625,
      0.047882080078125,
      0.04644775390625,
      0.0462646484375,
      0.044403076171875,
      0.04425048828125,
      0.044219970703125,
      0.040802001953125,
      0.039886474609375,
      0.039764404296875,
      0.039703369140625,
      0.039703369140625,
      0.038909912109375,
      0.03887939453125,
      0.038818359375,
      0.038665771484375,
      0.03863525390625,
      0.037994384765625,
      0.0379638671875
    ]
  },
  "layer_8": {
    "top_feature_indices": [
      2154,
      9441,
      1053,
      13423,
      10898,
      14747,
      13530,
      10985,
      5370,
      12958,
      264,
      12667,
      2054,
      5498,
      15244,
      7293,
      5132,
      4472,
      1365,
      7111
    ],
    "top_feature_values": [
      0.04803466796875,
      0.035858154296875,
      0.0343017578125,
      0.034271240234375,
      0.034271240234375,
      0.033660888671875,
      0.03338623046875,
      0.033294677734375,
      0.032989501953125,
      0.03228759765625,
      0.0322265625,
      0.032073974609375,
      0.031646728515625,
      0.031646728515625,
      0.0308837890625,
      0.0308685302734375,
      0.0305633544921875,
      0.030548095703125,
      0.03045654296875,
      0.0302734375
    ]
  },
  "layer_9": {
    "top_feature_indices": [
      9924,
      6930,
      12640,
      13965,
      9151,
      8555,
      1328,
      11560,
      9266,
      1649,
      12138,
      350,
      1960,
      4123,
      13385,
      6661,
      11433,
      11836,
      10086,
      2576
    ],
    "top_feature_values": [
      0.037750244140625,
      0.033050537109375,
      0.032073974609375,
      0.03204345703125,
      0.031646728515625,
      0.03082275390625,
      0.0306243896484375,
      0.0305328369140625,
      0.030517578125,
      0.030517578125,
      0.0301971435546875,
      0.0294952392578125,
      0.0294342041015625,
      0.029083251953125,
      0.0290679931640625,
      0.02880859375,
      0.02813720703125,
      0.0278472900390625,
      0.027740478515625,
      0.0273895263671875
    ]
  },
  "layer_10": {
    "top_feature_indices": [
      4375,
      7547,
      10828,
      12733,
      3589,
      5559,
      13964,
      3660,
      15734,
      9383,
      5928,
      14935,
      14239,
      4753,
      6681,
      1763,
      100,
      13925,
      2045,
      1140
    ],
    "top_feature_values": [
      0.055755615234375,
      0.0555419921875,
      0.05474853515625,
      0.048095703125,
      0.04241943359375,
      0.041717529296875,
      0.0416259765625,
      0.041595458984375,
      0.04144287109375,
      0.04144287109375,
      0.04144287109375,
      0.041412353515625,
      0.041412353515625,
      0.0406494140625,
      0.039886474609375,
      0.039764404296875,
      0.038909912109375,
      0.038909912109375,
      0.038665771484375,
      0.038604736328125
    ]
  },
  "layer_11": {
    "top_feature_indices": [
      6266,
      5275,
      9199,
      10689,
      16090,
      11308,
      3042,
      15945,
      9545,
      14163,
      9695,
      8833,
      2274,
      1076,
      1624,
      12529,
      13274,
      3914,
      14059,
      3925
    ],
    "top_feature_values": [
      0.061614990234375,
      0.055511474609375,
      0.053558349609375,
      0.05279541015625,
      0.0521240234375,
      0.050811767578125,
      0.0501708984375,
      0.0499267578125,
      0.0498046875,
      0.049163818359375,
      0.048095703125,
      0.04803466796875,
      0.04742431640625,
      0.047149658203125,
      0.047027587890625,
      0.047027587890625,
      0.0469970703125,
      0.045379638671875,
      0.044677734375,
      0.044677734375
    ]
  },
  "layer_12": {
    "top_feature_indices": [
      7426,
      14070,
      11837,
      11933,
      9543,
      10560,
      14065,
      1404,
      6875,
      7424,
      1480,
      10907,
      14870,
      4240,
      4792,
      9326,
      14254,
      14142,
      1389,
      13710
    ],
    "top_feature_values": [
      0.0584716796875,
      0.055389404296875,
      0.05535888671875,
      0.05352783203125,
      0.052978515625,
      0.05279541015625,
      0.050811767578125,
      0.050201416015625,
      0.04925537109375,
      0.049102783203125,
      0.049072265625,
      0.04803466796875,
      0.047882080078125,
      0.04742431640625,
      0.047271728515625,
      0.04718017578125,
      0.047027587890625,
      0.047027587890625,
      0.047027587890625,
      0.047027587890625
    ]
  },
  "metadata": {
    "num_examples_processed": 91,
    "layers_analyzed": [
      6,
      7,
      8,
      9,
      10,
      11,
      12
    ],
    "timestamp": "2025-02-28 10:19:58"
  }
}