{
  "layer_6": {
    "top_feature_indices": [
      15376,
      2327,
      2137,
      966,
      2393,
      3558,
      547,
      10272,
      10601,
      11817,
      9318,
      12290,
      4114,
      13810,
      15278,
      3232,
      4664,
      7065,
      9369,
      3978
    ],
    "top_feature_values": [
      0.1630859375,
      0.1273193359375,
      0.11395263671875,
      0.11334228515625,
      0.1080322265625,
      0.10760498046875,
      0.10467529296875,
      0.08575439453125,
      0.0826416015625,
      0.08251953125,
      0.08184814453125,
      0.08172607421875,
      0.0806884765625,
      0.08050537109375,
      0.0804443359375,
      0.07781982421875,
      0.076904296875,
      0.07464599609375,
      0.07452392578125,
      0.07452392578125
    ]
  },
  "layer_7": {
    "top_feature_indices": [
      10311,
      6742,
      2024,
      5820,
      7562,
      13185,
      15890,
      70,
      3480,
      10430,
      13258,
      3757,
      11344,
      12954,
      2348,
      15614,
      7207,
      641,
      15115,
      4366
    ],
    "top_feature_values": [
      0.11962890625,
      0.11395263671875,
      0.1019287109375,
      0.09619140625,
      0.0960693359375,
      0.09320068359375,
      0.09307861328125,
      0.093017578125,
      0.0849609375,
      0.0826416015625,
      0.08251953125,
      0.08245849609375,
      0.08245849609375,
      0.0816650390625,
      0.08160400390625,
      0.08154296875,
      0.08135986328125,
      0.08135986328125,
      0.0806884765625,
      0.0806884765625
    ]
  },
  "layer_8": {
    "top_feature_indices": [
      2154,
      9441,
      13423,
      10898,
      1053,
      14747,
      13530,
      10985,
      5370,
      12958,
      264,
      12667,
      2054,
      5498,
      15244,
      7293,
      5132,
      4472,
      1365,
      7111
    ],
    "top_feature_values": [
      0.10211181640625,
      0.07452392578125,
      0.0709228515625,
      0.0709228515625,
      0.0709228515625,
      0.0703125,
      0.07000732421875,
      0.06988525390625,
      0.069580078125,
      0.06890869140625,
      0.06884765625,
      0.06866455078125,
      0.06549072265625,
      0.06549072265625,
      0.06463623046875,
      0.06463623046875,
      0.06427001953125,
      0.064208984375,
      0.06390380859375,
      0.063720703125
    ]
  },
  "layer_9": {
    "top_feature_indices": [
      9924,
      6930,
      13965,
      12640,
      9151,
      8555,
      1328,
      1649,
      9266,
      11560,
      12138,
      350,
      1960,
      4123,
      13385,
      6661,
      11433,
      11836,
      10086,
      2576
    ],
    "top_feature_values": [
      0.0804443359375,
      0.06964111328125,
      0.06866455078125,
      0.06866455078125,
      0.06549072265625,
      0.0645751953125,
      0.06439208984375,
      0.06396484375,
      0.06396484375,
      0.06396484375,
      0.06365966796875,
      0.06292724609375,
      0.0628662109375,
      0.0596923828125,
      0.0596923828125,
      0.0594482421875,
      0.05865478515625,
      0.058380126953125,
      0.058258056640625,
      0.057891845703125
    ]
  },
  "layer_10": {
    "top_feature_indices": [
      4375,
      7547,
      10828,
      12733,
      3589,
      5559,
      13964,
      3660,
      14239,
      15734,
      14935,
      9383,
      5928,
      4753,
      6681,
      1763,
      100,
      13925,
      2045,
      1140
    ],
    "top_feature_values": [
      0.1168212890625,
      0.1165771484375,
      0.11578369140625,
      0.1021728515625,
      0.08990478515625,
      0.08917236328125,
      0.08575439453125,
      0.085693359375,
      0.0855712890625,
      0.0855712890625,
      0.0855712890625,
      0.0855712890625,
      0.0855712890625,
      0.0848388671875,
      0.0826416015625,
      0.08251953125,
      0.0816650390625,
      0.0816650390625,
      0.08135986328125,
      0.081298828125
    ]
  },
  "layer_11": {
    "top_feature_indices": [
      6266,
      5275,
      9199,
      10689,
      16090,
      11308,
      3042,
      15945,
      9545,
      14163,
      9695,
      8833,
      2274,
      1076,
      1624,
      12529,
      13274,
      3914,
      14059,
      3925
    ],
    "top_feature_values": [
      0.129150390625,
      0.11651611328125,
      0.1141357421875,
      0.11334228515625,
      0.10760498046875,
      0.10577392578125,
      0.1051025390625,
      0.1048583984375,
      0.104736328125,
      0.10406494140625,
      0.1021728515625,
      0.10211181640625,
      0.1014404296875,
      0.09686279296875,
      0.09674072265625,
      0.09674072265625,
      0.09674072265625,
      0.09423828125,
      0.093505859375,
      0.093505859375
    ]
  },
  "layer_12": {
    "top_feature_indices": [
      7426,
      14070,
      11837,
      11933,
      9543,
      10560,
      14065,
      1404,
      6875,
      7424,
      1480,
      10907,
      14870,
      4240,
      4792,
      9326,
      14254,
      14142,
      1389,
      13710
    ],
    "top_feature_values": [
      0.1253662109375,
      0.11639404296875,
      0.11639404296875,
      0.11407470703125,
      0.113525390625,
      0.11334228515625,
      0.10577392578125,
      0.10516357421875,
      0.10418701171875,
      0.10400390625,
      0.10400390625,
      0.10211181640625,
      0.1019287109375,
      0.1014404296875,
      0.101318359375,
      0.096923828125,
      0.09674072265625,
      0.09674072265625,
      0.09674072265625,
      0.09674072265625
    ]
  },
  "metadata": {
    "num_examples_processed": 191,
    "layers_analyzed": [
      6,
      7,
      8,
      9,
      10,
      11,
      12
    ],
    "timestamp": "2025-02-28 10:20:12"
  }
}