{
  "layer_6": {
    "top_feature_indices": [
      15376,
      2327,
      2137,
      966,
      2393,
      3558,
      547,
      10272,
      10601,
      11817,
      9318,
      12290,
      4114,
      13810,
      15278,
      3232,
      4664,
      7065,
      9369,
      3978
    ],
    "top_feature_values": [
      0.12890625,
      0.10064697265625,
      0.08953857421875,
      0.08892822265625,
      0.0860595703125,
      0.08563232421875,
      0.08270263671875,
      0.06866455078125,
      0.0655517578125,
      0.0654296875,
      0.06475830078125,
      0.06463623046875,
      0.0635986328125,
      0.06341552734375,
      0.0633544921875,
      0.06085205078125,
      0.05999755859375,
      0.059814453125,
      0.059661865234375,
      0.059661865234375
    ]
  },
  "layer_7": {
    "top_feature_indices": [
      10311,
      6742,
      2024,
      5820,
      7562,
      13185,
      15890,
      70,
      3480,
      10430,
      13258,
      3757,
      11344,
      12954,
      2348,
      15614,
      7207,
      641,
      15115,
      4366
    ],
    "top_feature_values": [
      0.09521484375,
      0.08953857421875,
      0.0799560546875,
      0.07666015625,
      0.0765380859375,
      0.07366943359375,
      0.07354736328125,
      0.073486328125,
      0.06787109375,
      0.0655517578125,
      0.0654296875,
      0.06536865234375,
      0.06536865234375,
      0.0645751953125,
      0.06451416015625,
      0.064453125,
      0.06427001953125,
      0.06427001953125,
      0.0635986328125,
      0.0635986328125
    ]
  },
  "layer_8": {
    "top_feature_indices": [
      2154,
      9441,
      1053,
      13423,
      10898,
      14747,
      13530,
      10985,
      5370,
      12958,
      264,
      12667,
      2054,
      5498,
      15244,
      7293,
      5132,
      4472,
      1365,
      7111
    ],
    "top_feature_values": [
      0.08013916015625,
      0.059661865234375,
      0.0562744140625,
      0.056243896484375,
      0.056243896484375,
      0.055633544921875,
      0.05535888671875,
      0.055267333984375,
      0.054962158203125,
      0.05426025390625,
      0.05419921875,
      0.054046630859375,
      0.051788330078125,
      0.051788330078125,
      0.051025390625,
      0.051025390625,
      0.05072021484375,
      0.050689697265625,
      0.05059814453125,
      0.0504150390625
    ]
  },
  "layer_9": {
    "top_feature_indices": [
      9924,
      6930,
      12640,
      13965,
      9151,
      8555,
      1328,
      1649,
      9266,
      11560,
      12138,
      350,
      1960,
      4123,
      13385,
      6661,
      11433,
      11836,
      10086,
      2576
    ],
    "top_feature_values": [
      0.0633544921875,
      0.055023193359375,
      0.054046630859375,
      0.05401611328125,
      0.051788330078125,
      0.05096435546875,
      0.05078125,
      0.0506591796875,
      0.0506591796875,
      0.0506591796875,
      0.050323486328125,
      0.049560546875,
      0.04949951171875,
      0.0474853515625,
      0.0474853515625,
      0.0472412109375,
      0.04644775390625,
      0.046173095703125,
      0.046051025390625,
      0.045684814453125
    ]
  },
  "layer_10": {
    "top_feature_indices": [
      4375,
      7547,
      10828,
      12733,
      3589,
      5559,
      13964,
      3660,
      14239,
      15734,
      14935,
      9383,
      5928,
      4753,
      6681,
      1763,
      100,
      13925,
      2045,
      1140
    ],
    "top_feature_values": [
      0.0924072265625,
      0.0921630859375,
      0.09136962890625,
      0.0802001953125,
      0.07037353515625,
      0.06964111328125,
      0.06866455078125,
      0.068603515625,
      0.0684814453125,
      0.0684814453125,
      0.0684814453125,
      0.0684814453125,
      0.0684814453125,
      0.0677490234375,
      0.0655517578125,
      0.0654296875,
      0.0645751953125,
      0.0645751953125,
      0.06427001953125,
      0.064208984375
    ]
  },
  "layer_11": {
    "top_feature_indices": [
      6266,
      5275,
      9199,
      10689,
      16090,
      11308,
      3042,
      15945,
      9545,
      14163,
      9695,
      8833,
      2274,
      1076,
      1624,
      12529,
      13274,
      3914,
      14059,
      3925
    ],
    "top_feature_values": [
      0.1019287109375,
      0.09210205078125,
      0.0897216796875,
      0.08892822265625,
      0.08563232421875,
      0.08380126953125,
      0.0831298828125,
      0.0828857421875,
      0.082763671875,
      0.08209228515625,
      0.0802001953125,
      0.08013916015625,
      0.0794677734375,
      0.07733154296875,
      0.07720947265625,
      0.07720947265625,
      0.07720947265625,
      0.07470703125,
      0.073974609375,
      0.073974609375
    ]
  },
  "layer_12": {
    "top_feature_indices": [
      7426,
      14070,
      11837,
      11933,
      9543,
      10560,
      14065,
      1404,
      6875,
      7424,
      1480,
      10907,
      14870,
      4240,
      4792,
      9326,
      14254,
      14142,
      1389,
      13710
    ],
    "top_feature_values": [
      0.09857177734375,
      0.09197998046875,
      0.09197998046875,
      0.08966064453125,
      0.089111328125,
      0.08892822265625,
      0.08380126953125,
      0.08319091796875,
      0.08221435546875,
      0.08203125,
      0.08203125,
      0.08013916015625,
      0.0799560546875,
      0.0794677734375,
      0.079345703125,
      0.077392578125,
      0.07720947265625,
      0.07720947265625,
      0.07720947265625,
      0.07720947265625
    ]
  },
  "metadata": {
    "num_examples_processed": 151,
    "layers_analyzed": [
      6,
      7,
      8,
      9,
      10,
      11,
      12
    ],
    "timestamp": "2025-02-28 10:20:06"
  }
}