{
  "layer_6": {
    "top_feature_indices": [
      15376,
      2327,
      2137,
      966,
      2393,
      3558,
      547,
      10272,
      10601,
      11817,
      9318,
      12290,
      4114,
      13810,
      15278,
      3232,
      4664,
      7065,
      9369,
      3978
    ],
    "top_feature_values": [
      0.154541015625,
      0.12078857421875,
      0.10784912109375,
      0.10723876953125,
      0.1025390625,
      0.10211181640625,
      0.09918212890625,
      0.08148193359375,
      0.078369140625,
      0.0782470703125,
      0.07757568359375,
      0.07745361328125,
      0.076416015625,
      0.07623291015625,
      0.076171875,
      0.07354736328125,
      0.0726318359375,
      0.07098388671875,
      0.07086181640625,
      0.07086181640625
    ]
  },
  "layer_7": {
    "top_feature_indices": [
      10311,
      6742,
      2024,
      5820,
      7562,
      13185,
      15890,
      70,
      3480,
      10430,
      13258,
      3757,
      11344,
      12954,
      2348,
      15614,
      7207,
      641,
      15115,
      4366
    ],
    "top_feature_values": [
      0.113525390625,
      0.10784912109375,
      0.096435546875,
      0.09130859375,
      0.0911865234375,
      0.08831787109375,
      0.08819580078125,
      0.088134765625,
      0.0806884765625,
      0.078369140625,
      0.0782470703125,
      0.07818603515625,
      0.07818603515625,
      0.077392578125,
      0.07733154296875,
      0.0772705078125,
      0.07708740234375,
      0.07708740234375,
      0.076416015625,
      0.076416015625
    ]
  },
  "layer_8": {
    "top_feature_indices": [
      2154,
      9441,
      13423,
      10898,
      1053,
      14747,
      13530,
      10985,
      5370,
      12958,
      264,
      12667,
      2054,
      5498,
      15244,
      7293,
      5132,
      4472,
      1365,
      7111
    ],
    "top_feature_values": [
      0.09661865234375,
      0.07086181640625,
      0.0672607421875,
      0.0672607421875,
      0.0672607421875,
      0.066650390625,
      0.06634521484375,
      0.06622314453125,
      0.06591796875,
      0.06524658203125,
      0.065185546875,
      0.06500244140625,
      0.061859130859375,
      0.061859130859375,
      0.06109619140625,
      0.06109619140625,
      0.060791015625,
      0.060760498046875,
      0.0606689453125,
      0.06048583984375
    ]
  },
  "layer_9": {
    "top_feature_indices": [
      9924,
      6930,
      13965,
      12640,
      9151,
      8555,
      1328,
      1649,
      9266,
      11560,
      12138,
      350,
      1960,
      4123,
      13385,
      6661,
      11433,
      11836,
      10086,
      2576
    ],
    "top_feature_values": [
      0.076171875,
      0.06597900390625,
      0.06500244140625,
      0.06500244140625,
      0.061859130859375,
      0.06103515625,
      0.06085205078125,
      0.06072998046875,
      0.06072998046875,
      0.06072998046875,
      0.060394287109375,
      0.05963134765625,
      0.0595703125,
      0.056640625,
      0.056640625,
      0.056396484375,
      0.05560302734375,
      0.055328369140625,
      0.055206298828125,
      0.054840087890625
    ]
  },
  "layer_10": {
    "top_feature_indices": [
      4375,
      7547,
      10828,
      12733,
      3589,
      5559,
      13964,
      3660,
      14239,
      15734,
      14935,
      9383,
      5928,
      4753,
      6681,
      1763,
      100,
      13925,
      2045,
      1140
    ],
    "top_feature_values": [
      0.1107177734375,
      0.1104736328125,
      0.10968017578125,
      0.0966796875,
      0.08502197265625,
      0.08428955078125,
      0.08148193359375,
      0.0814208984375,
      0.081298828125,
      0.081298828125,
      0.081298828125,
      0.081298828125,
      0.081298828125,
      0.08056640625,
      0.078369140625,
      0.0782470703125,
      0.077392578125,
      0.077392578125,
      0.07708740234375,
      0.0770263671875
    ]
  },
  "layer_11": {
    "top_feature_indices": [
      6266,
      5275,
      9199,
      10689,
      16090,
      11308,
      3042,
      15945,
      9545,
      14163,
      9695,
      8833,
      2274,
      1076,
      1624,
      12529,
      13274,
      3914,
      14059,
      3925
    ],
    "top_feature_values": [
      0.1220703125,
      0.11041259765625,
      0.1080322265625,
      0.10723876953125,
      0.10211181640625,
      0.10028076171875,
      0.099609375,
      0.099365234375,
      0.0992431640625,
      0.09857177734375,
      0.0966796875,
      0.09661865234375,
      0.095947265625,
      0.09197998046875,
      0.09185791015625,
      0.09185791015625,
      0.09185791015625,
      0.08935546875,
      0.088623046875,
      0.088623046875
    ]
  },
  "layer_12": {
    "top_feature_indices": [
      7426,
      14070,
      11837,
      11933,
      9543,
      10560,
      14065,
      1404,
      6875,
      7424,
      1480,
      10907,
      14870,
      4240,
      4792,
      9326,
      14254,
      14142,
      1389,
      13710
    ],
    "top_feature_values": [
      0.11871337890625,
      0.11029052734375,
      0.11029052734375,
      0.10797119140625,
      0.107421875,
      0.10723876953125,
      0.10028076171875,
      0.09967041015625,
      0.09869384765625,
      0.0985107421875,
      0.0985107421875,
      0.09661865234375,
      0.096435546875,
      0.095947265625,
      0.0958251953125,
      0.092041015625,
      0.09185791015625,
      0.09185791015625,
      0.09185791015625,
      0.09185791015625
    ]
  },
  "metadata": {
    "num_examples_processed": 181,
    "layers_analyzed": [
      6,
      7,
      8,
      9,
      10,
      11,
      12
    ],
    "timestamp": "2025-02-28 10:20:10"
  }
}