{
  "layer_6": {
    "top_feature_indices": [
      15376,
      2327,
      2137,
      966,
      2393,
      3558,
      547,
      10272,
      10601,
      11817,
      9318,
      12290,
      4114,
      13810,
      15278,
      3232,
      4664,
      7065,
      9369,
      3978
    ],
    "top_feature_values": [
      0.0264739990234375,
      0.0203399658203125,
      0.01824951171875,
      0.0179901123046875,
      0.01776123046875,
      0.0177001953125,
      0.016815185546875,
      0.01418304443359375,
      0.01366424560546875,
      0.0135345458984375,
      0.013458251953125,
      0.0133209228515625,
      0.0129547119140625,
      0.01282501220703125,
      0.012786865234375,
      0.012603759765625,
      0.0123748779296875,
      0.01222991943359375,
      0.0121307373046875,
      0.0121307373046875
    ]
  },
  "layer_7": {
    "top_feature_indices": [
      10311,
      6742,
      2024,
      5820,
      7562,
      13185,
      15890,
      70,
      3480,
      10430,
      13258,
      3757,
      11344,
      12954,
      2348,
      15614,
      641,
      7207,
      15552,
      4366
    ],
    "top_feature_values": [
      0.019866943359375,
      0.0182647705078125,
      0.0163421630859375,
      0.0157928466796875,
      0.01561737060546875,
      0.01512908935546875,
      0.01496124267578125,
      0.01494598388671875,
      0.0139007568359375,
      0.01366424560546875,
      0.01354217529296875,
      0.01349639892578125,
      0.01348876953125,
      0.01325225830078125,
      0.01324462890625,
      0.01319122314453125,
      0.0130767822265625,
      0.0130615234375,
      0.01299285888671875,
      0.0129547119140625
    ]
  },
  "layer_8": {
    "top_feature_indices": [
      2154,
      9441,
      1053,
      13423,
      10898,
      14747,
      13530,
      10985,
      5370,
      12958,
      264,
      12667,
      5498,
      2054,
      15244,
      7293,
      5132,
      4472,
      1365,
      7111
    ],
    "top_feature_values": [
      0.0164947509765625,
      0.01212310791015625,
      0.0116119384765625,
      0.0115966796875,
      0.0115966796875,
      0.01158905029296875,
      0.01141357421875,
      0.01134490966796875,
      0.01113128662109375,
      0.0111083984375,
      0.0110321044921875,
      0.0109710693359375,
      0.0107269287109375,
      0.010711669921875,
      0.0106353759765625,
      0.0106201171875,
      0.01041412353515625,
      0.010406494140625,
      0.01032257080078125,
      0.01025390625
    ]
  },
  "layer_9": {
    "top_feature_indices": [
      9924,
      6930,
      12640,
      13965,
      9151,
      8555,
      1328,
      11560,
      9266,
      1649,
      12138,
      350,
      1960,
      4123,
      13385,
      6661,
      11433,
      11836,
      10086,
      2576
    ],
    "top_feature_values": [
      0.01277923583984375,
      0.01119232177734375,
      0.01096343994140625,
      0.01094818115234375,
      0.01071929931640625,
      0.01056671142578125,
      0.01047515869140625,
      0.01039886474609375,
      0.01038360595703125,
      0.01038360595703125,
      0.0101776123046875,
      0.0101470947265625,
      0.01007843017578125,
      0.009857177734375,
      0.00984954833984375,
      0.0097198486328125,
      0.0096893310546875,
      0.0095367431640625,
      0.00943756103515625,
      0.009246826171875
    ]
  },
  "layer_10": {
    "top_feature_indices": [
      4375,
      7547,
      10828,
      12733,
      3589,
      5559,
      13964,
      3660,
      15734,
      9383,
      5928,
      14935,
      14239,
      4753,
      6681,
      1763,
      100,
      13925,
      2045,
      10004
    ],
    "top_feature_values": [
      0.019134521484375,
      0.0189208984375,
      0.0184478759765625,
      0.01654052734375,
      0.01444244384765625,
      0.014251708984375,
      0.01418304443359375,
      0.014129638671875,
      0.01401519775390625,
      0.01401519775390625,
      0.01401519775390625,
      0.01396942138671875,
      0.01396942138671875,
      0.01377105712890625,
      0.0136566162109375,
      0.01354217529296875,
      0.01325225830078125,
      0.01325225830078125,
      0.0130767822265625,
      0.013031005859375
    ]
  },
  "layer_11": {
    "top_feature_indices": [
      6266,
      5275,
      9199,
      10689,
      16090,
      11308,
      3042,
      15945,
      9545,
      14163,
      9695,
      8833,
      2274,
      1076,
      1624,
      12529,
      13274,
      3914,
      14059,
      3925
    ],
    "top_feature_values": [
      0.0211181640625,
      0.0189056396484375,
      0.0184326171875,
      0.0179901123046875,
      0.0177001953125,
      0.017486572265625,
      0.0171966552734375,
      0.0169830322265625,
      0.0168609619140625,
      0.0166168212890625,
      0.01654052734375,
      0.0164947509765625,
      0.01629638671875,
      0.016021728515625,
      0.015899658203125,
      0.015899658203125,
      0.015869140625,
      0.015594482421875,
      0.0153656005859375,
      0.01535797119140625
    ]
  },
  "layer_12": {
    "top_feature_indices": [
      7426,
      14070,
      11837,
      11933,
      9543,
      10560,
      14065,
      1404,
      6875,
      7424,
      1480,
      10907,
      14870,
      4240,
      4792,
      9326,
      14254,
      14142,
      1389,
      13710
    ],
    "top_feature_values": [
      0.0200042724609375,
      0.018768310546875,
      0.01873779296875,
      0.018402099609375,
      0.0181732177734375,
      0.0179901123046875,
      0.017486572265625,
      0.017242431640625,
      0.0167236328125,
      0.016571044921875,
      0.0165557861328125,
      0.0164947509765625,
      0.0163421630859375,
      0.01629638671875,
      0.0161285400390625,
      0.0160675048828125,
      0.015899658203125,
      0.015899658203125,
      0.015899658203125,
      0.015899658203125
    ]
  },
  "metadata": {
    "num_examples_processed": 31,
    "layers_analyzed": [
      6,
      7,
      8,
      9,
      10,
      11,
      12
    ],
    "timestamp": "2025-02-28 10:19:50"
  }
}